採購單號,採購單日期,客戶代號,客戶PO單號,出貨,Item#,品名,尺寸,客戶產品顏色,出貨日期,外箱 PC-IN,數量,(單位),料號,製作規範,工廠代號
300063935,2022-9-21,AS000,3007311,TG0099,4933155,"2""PVC 無拉仿木共押百葉窗(套管梯帶)-Trim@Home CF8_58""*48""_1E11灰色GRAY_TG008","58""*48""",GRAY,2022-12-7,2,174,EA,9TG008FW24022,TG008FW24B03,CH001
300063935,2022-9-21,AS000,3007311,TG0099,4933156,"2""PVC 無拉仿木共押百葉窗(套管梯帶)-Trim@Home CF8_59""*48""_1E11灰色GRAY_TG008","59""*48""",GRAY,2022-12-7,2,396,EA,9TG008FW24023,TG008FW24B03,CH001
300063935,2022-9-21,AS000,3007311,TG0099,4933157,"2""PVC 無拉仿木共押百葉窗(套管梯帶)-Trim@Home CF8_70""*48""_1E11灰色GRAY_TG008","70""*48""",GRAY,2022-12-7,2,172,EA,9TG008FW24024,TG008FW24B03,CH001
300063935,2022-9-21,AS000,3007311,TG0099,4933158,"2""PVC 無拉仿木共押百葉窗(套管梯帶)-Trim@Home CF8_23""*64""_1E11灰色GRAY_TG008","23""*64""",GRAY,2022-12-7,3,171,EA,9TG008FW24025,TG008FW24B03,CH001
300063935,2022-9-21,AS000,3007311,TG0099,4933159,"2""PVC 無拉仿木共押百葉窗(套管梯帶)-Trim@Home CF8_27""*64""_1E11灰色GRAY_TG008","27""*64""",GRAY,2022-12-7,3,156,EA,9TG008FW24026,TG008FW24B03,CH001
300063935,2022-9-21,AS000,3007311,TG0099,4933160,"2""PVC 無拉仿木共押百葉窗(套管梯帶)-Trim@Home CF8_30""*64""_1E11灰色GRAY_TG008","30""*64""",GRAY,2022-12-7,3,156,EA,9TG008FW24027,TG008FW24B03,CH001
300063935,2022-9-21,AS000,3007311,TG0099,4933161,"2""PVC 無拉仿木共押百葉窗(套管梯帶)-Trim@Home CF8_32""*64""_1E11灰色GRAY_TG008","32""*64""",GRAY,2022-12-7,3,162,EA,9TG008FW24028,TG008FW24B03,CH001
300063935,2022-9-21,AS000,3007311,TG0099,4933162,"2""PVC 無拉仿木共押百葉窗(套管梯帶)-Trim@Home CF8_34""*64""_1E11灰色GRAY_TG008","34""*64""",GRAY,2022-12-7,3,162,EA,9TG008FW24029,TG008FW24B03,CH001
300063935,2022-9-21,AS000,3007311,TG0099,4933163,"2""PVC 無拉仿木共押百葉窗(套管梯帶)-Trim@Home CF8_36""*64""_1E11灰色GRAY_TG008","36""*64""",GRAY,2022-12-7,3,162,EA,9TG008FW24030,TG008FW24B03,CH001
300063935,2022-9-21,AS000,3007311,TG0099,4933164,"2""PVC 無拉仿木共押百葉窗(套管梯帶)-Trim@Home CF8_39""*64""_1E11灰色GRAY_TG008","39""*64""",GRAY,2022-12-7,3,150,EA,9TG008FW24031,TG008FW24B03,CH001
300063935,2022-9-21,AS000,3007311,TG0099,4933165,"2""PVC 無拉仿木共押百葉窗(套管梯帶)-Trim@Home CF8_43""*64""_1E11灰色GRAY_TG008","43""*64""",GRAY,2022-12-7,3,150,EA,9TG008FW24032,TG008FW24B03,CH001
300063935,2022-9-21,AS000,3007311,TG0099,4933166,"2""PVC 無拉仿木共押百葉窗(套管梯帶)-Trim@Home CF8_46""*64""_1E11灰色GRAY_TG008","46""*64""",GRAY,2022-12-7,3,150,EA,9TG008FW24033,TG008FW24B03,CH001
300063935,2022-9-21,AS000,3007311,TG0099,4933167,"2""PVC 無拉仿木共押百葉窗(套管梯帶)-Trim@Home CF8_47""*64""_1E11灰色GRAY_TG008","47""*64""",GRAY,2022-12-7,3,198,EA,9TG008FW24034,TG008FW24B03,CH001
300063935,2022-9-21,AS000,3007311,TG0099,4933168,"2""PVC 無拉仿木共押百葉窗(套管梯帶)-Trim@Home CF8_52""*64""_1E11灰色GRAY_TG008","52""*64""",GRAY,2022-12-7,3,198,EA,9TG008FW24035,TG008FW24B03,CH001
300063935,2022-9-21,AS000,3007311,TG0099,4933169,"2""PVC 無拉仿木共押百葉窗(套管梯帶)-Trim@Home CF8_58""*64""_1E11灰色GRAY_TG008","58""*64""",GRAY,2022-12-7,2,198,EA,9TG008FW24036,TG008FW24B03,CH001
300063935,2022-9-21,AS000,3007311,TG0099,4933170,"2""PVC 無拉仿木共押百葉窗(套管梯帶)-Trim@Home CF8_59""*64""_1E11灰色GRAY_TG008","59""*64""",GRAY,2022-12-7,2,98,EA,9TG008FW24037,TG008FW24B03,CH001
300063935,2022-9-21,AS000,3007311,TG0099,4933171,"2""PVC 無拉仿木共押百葉窗(套管梯帶)-Trim@Home CF8_70""*64""_1E11灰色GRAY_TG008","70""*64""",GRAY,2022-12-7,2,98,EA,9TG008FW24038,TG008FW24B03,CH001
300063950,2022-9-21,AS000,3010109,TG00X4,4927728,"2""無拉平型不透光PVC百葉窗CF8(套管梯帶)_23""*64""_08E9灰色GRAY_TG008","23""*64""",GRAY,2022-12-7,4,164,EA,9TG008PB18023,TG008PB18B03,CH001
300063950,2022-9-21,AS000,3010109,TG00X4,4927729,"2""無拉平型不透光PVC百葉窗CF8(套管梯帶)_27""*64""_08E9灰色GRAY_TG008","27""*64""",GRAY,2022-12-7,4,216,EA,9TG008PB18024,TG008PB18B03,CH001
300063950,2022-9-21,AS000,3010109,TG00X4,4927730,"2""無拉平型不透光PVC百葉窗CF8(套管梯帶)_29""*64""_08E9灰色GRAY_TG008","29""*64""",GRAY,2022-12-7,4,164,EA,9TG008PB18025,TG008PB18B03,CH001
300063950,2022-9-21,AS000,3010109,TG00X4,4927731,"2""無拉平型不透光PVC百葉窗CF8(套管梯帶)_30""*64""_08E9灰色GRAY_TG008","30""*64""",GRAY,2022-12-7,4,164,EA,9TG008PB18026,TG008PB18B03,CH001
300063950,2022-9-21,AS000,3010109,TG00X4,4927732,"2""無拉平型不透光PVC百葉窗CF8(套管梯帶)_31""*64""_08E9灰色GRAY_TG008","31""*64""",GRAY,2022-12-7,4,164,EA,9TG008PB18027,TG008PB18B03,CH001
300063950,2022-9-21,AS000,3010109,TG00X4,4927733,"2""無拉平型不透光PVC百葉窗CF8(套管梯帶)_32""*64""_08E9灰色GRAY_TG008","32""*64""",GRAY,2022-12-7,4,164,EA,9TG008PB18028,TG008PB18B03,CH001
300063950,2022-9-21,AS000,3010109,TG00X4,4927734,"2""無拉平型不透光PVC百葉窗CF8(套管梯帶)_34""*64""_08E9灰色GRAY_TG008","34""*64""",GRAY,2022-12-7,4,204,EA,9TG008PB18029,TG008PB18B03,CH001
300063950,2022-9-21,AS000,3010109,TG00X4,4927735,"2""無拉平型不透光PVC百葉窗CF8(套管梯帶)_35""*64""_08E9灰色GRAY_TG008","35""*64""",GRAY,2022-12-7,4,204,EA,9TG008PB18030,TG008PB18B03,CH001
300063950,2022-9-21,AS000,3010109,TG00X4,4927736,"2""無拉平型不透光PVC百葉窗CF8(套管梯帶)_36""*64""_08E9灰色GRAY_TG008","36""*64""",GRAY,2022-12-7,4,204,EA,9TG008PB18031,TG008PB18B03,CH001
300063950,2022-9-21,AS000,3010109,TG00X4,4927737,"2""無拉平型不透光PVC百葉窗CF8(套管梯帶)_39""*64""_08E9灰色GRAY_TG008","39""*64""",GRAY,2022-12-7,4,148,EA,9TG008PB18032,TG008PB18B03,CH001
300063950,2022-9-21,AS000,3010109,TG00X4,4927738,"2""無拉平型不透光PVC百葉窗CF8(套管梯帶)_43""*64""_08E9灰色GRAY_TG008","43""*64""",GRAY,2022-12-7,4,148,EA,9TG008PB18033,TG008PB18B03,CH001
300063950,2022-9-21,AS000,3010109,TG00X4,4927739,"2""無拉平型不透光PVC百葉窗CF8(套管梯帶)_45""*64""_08E9灰色GRAY_TG008","45""*64""",GRAY,2022-12-7,4,188,EA,9TG008PB18034,TG008PB18B03,CH001
300063950,2022-9-21,AS000,3010109,TG00X4,4927740,"2""無拉平型不透光PVC百葉窗CF8(套管梯帶)_46""*64""_08E9灰色GRAY_TG008","46""*64""",GRAY,2022-12-7,4,432,EA,9TG008PB18035,TG008PB18B03,CH001
300063950,2022-9-21,AS000,3010109,TG00X4,4927741,"2""無拉平型不透光PVC百葉窗CF8(套管梯帶)_47""*64""_08E9灰色GRAY_TG008","47""*64""",GRAY,2022-12-7,4,396,EA,9TG008PB18036,TG008PB18B03,CH001
300063950,2022-9-21,AS000,3010109,TG00X4,4927742,"2""無拉平型不透光PVC百葉窗CF8(套管梯帶)_52""*64""_08E9灰色GRAY_TG008","52""*64""",GRAY,2022-12-7,4,148,EA,9TG008PB18037,TG008PB18B03,CH001
300063950,2022-9-21,AS000,3010109,TG00X4,4927743,"2""無拉平型不透光PVC百葉窗CF8(套管梯帶)_58""*64""_08E9灰色GRAY_TG008","58""*64""",GRAY,2022-12-7,4,264,EA,9TG008PB18038,TG008PB18B03,CH001
300063950,2022-9-21,AS000,3010109,TG00X4,4927744,"2""無拉平型不透光PVC百葉窗CF8(套管梯帶)_59""*64""_08E9灰色GRAY_TG008","59""*64""",GRAY,2022-12-7,4,264,EA,9TG008PB18039,TG008PB18B03,CH001
300063950,2022-9-21,AS000,3010109,TG00X4,4927745,"2""無拉平型不透光PVC百葉窗CF8(套管梯帶)_70""*64""_08E9灰色GRAY_TG008","70""*64""",GRAY,2022-12-7,4,200,EA,9TG008PB18040,TG008PB18B03,CH001
300063950,2022-9-21,AS000,3010109,TG00X4,4927746,"2""無拉平型不透光PVC百葉窗CF8(套管梯帶)_71""*64""_08E9灰色GRAY_TG008","71""*64""",GRAY,2022-12-7,4,200,EA,9TG008PB18041,TG008PB18B03,CH001
300063950,2022-9-21,AS000,3010109,TG00X4,4927747,"2""無拉平型不透光PVC百葉窗CF8(套管梯帶)_31""*72""_08E9灰色GRAY_TG008","31""*72""",GRAY,2022-12-7,4,156,EA,9TG008PB18042,TG008PB18B03,CH001
300063950,2022-9-21,AS000,3010109,TG00X4,4927748,"2""無拉平型不透光PVC百葉窗CF8(套管梯帶)_34""*72""_08E9灰色GRAY_TG008","34""*72""",GRAY,2022-12-7,4,184,EA,9TG008PB18043,TG008PB18B03,CH001
300063950,2022-9-21,AS000,3010109,TG00X4,4927749,"2""無拉平型不透光PVC百葉窗CF8(套管梯帶)_35""*72""_08E9灰色GRAY_TG008","35""*72""",GRAY,2022-12-7,4,184,EA,9TG008PB18044,TG008PB18B03,CH001
300065116,2022-10-20,AS000,3084834,TG0099,4927718,"2""無拉平型不透光PVC百葉窗CF8(套管梯帶)_46""*64""_12A8白色WHITE_TG008","46""*64""",WHITE,2022-12-15,4,224,EA,9TG008PB18013,TG008PB18B04,CH001
300065116,2022-10-20,AS000,3084834,TG0099,4927706,"2""無拉平型不透光PVC百葉窗CF8(套管梯帶)_23""*64""_12A8白色WHITE_TG008","23""*64""",WHITE,2022-12-15,4,100,EA,9TG008PB18001,TG008PB18B04,CH001
300065116,2022-10-20,AS000,3084834,TG0099,4927707,"2""無拉平型不透光PVC百葉窗CF8(套管梯帶)_27""*64""_12A8白色WHITE_TG008","27""*64""",WHITE,2022-12-15,4,200,EA,9TG008PB18002,TG008PB18B04,CH001
300065116,2022-10-20,AS000,3084834,TG0099,4927712,"2""無拉平型不透光PVC百葉窗CF8(套管梯帶)_34""*64""_12A8白色WHITE_TG008","34""*64""",WHITE,2022-12-15,4,200,EA,9TG008PB18007,TG008PB18B04,CH001
300065116,2022-10-20,AS000,3084834,TG0099,4927713,"2""無拉平型不透光PVC百葉窗CF8(套管梯帶)_35""*64""_12A8白色WHITE_TG008","35""*64""",WHITE,2022-12-15,4,200,EA,9TG008PB18008,TG008PB18B04,CH001
300065116,2022-10-20,AS000,3084834,TG0099,4927714,"2""無拉平型不透光PVC百葉窗CF8(套管梯帶)_36""*64""_12A8白色WHITE_TG008","36""*64""",WHITE,2022-12-15,4,200,EA,9TG008PB18009,TG008PB18B04,CH001
300065116,2022-10-20,AS000,3084834,TG0099,4927719,"2""無拉平型不透光PVC百葉窗CF8(套管梯帶)_47""*64""_12A8白色WHITE_TG008","47""*64""",WHITE,2022-12-15,4,200,EA,9TG008PB18014,TG008PB18B04,CH001
300065116,2022-10-20,AS000,3084834,TG0099,4933133,"2""PVC 無拉仿木共押百葉窗(套管梯帶)-Trim@Home CF8_47""*48""_A10白色WHITE_TG008","47""*48""",WHITE,2022-12-15,3,402,EA,9TG008FW24002,TG008FW24B04,CH001
300065116,2022-10-20,AS000,3084834,TG0099,4933139,"2""PVC 無拉仿木共押百葉窗(套管梯帶)-Trim@Home CF8_30""*64""_A10白色WHITE_TG008","30""*64""",WHITE,2022-12-15,3,201,EA,9TG008FW24008,TG008FW24B04,CH001
300065291,2022-10-25,AS000,3100309,TG00X4,4933132,"2""PVC 無拉仿木共押百葉窗(套管梯帶)-Trim@Home CF8_46""*48""_A10白色WHITE_TG008","46""*48""",WHITE,2022-12-28,3,801,EA,9TG008FW24001,TG008FW24B04,CH001
300065291,2022-10-25,AS000,3100309,TG00X4,4933134,"2""PVC 無拉仿木共押百葉窗(套管梯帶)-Trim@Home CF8_58""*48""_A10白色WHITE_TG008","58""*48""",WHITE,2022-12-28,2,250,EA,9TG008FW24003,TG008FW24B04,CH001
300065291,2022-10-25,AS000,3100309,TG00X4,4933142,"2""PVC 無拉仿木共押百葉窗(套管梯帶)-Trim@Home CF8_36""*64""_A10白色WHITE_TG008","36""*64""",WHITE,2022-12-28,3,501,EA,9TG008FW24011,TG008FW24B04,CH001
300065291,2022-10-25,AS000,3100309,TG00X4,4933143,"2""PVC 無拉仿木共押百葉窗(套管梯帶)-Trim@Home CF8_39""*64""_A10白色WHITE_TG008","39""*64""",WHITE,2022-12-28,3,501,EA,9TG008FW24012,TG008FW24B04,CH001
300065291,2022-10-25,AS000,3100309,TG00X4,4933144,"2""PVC 無拉仿木共押百葉窗(套管梯帶)-Trim@Home CF8_43""*64""_A10白色WHITE_TG008","43""*64""",WHITE,2022-12-28,3,300,EA,9TG008FW24013,TG008FW24B04,CH001
300065291,2022-10-25,AS000,3100309,TG00X4,4933145,"2""PVC 無拉仿木共押百葉窗(套管梯帶)-Trim@Home CF8_46""*64""_A10白色WHITE_TG008","46""*64""",WHITE,2022-12-28,3,600,EA,9TG008FW24014,TG008FW24B04,CH001
300065291,2022-10-25,AS000,3100309,TG00X4,4933146,"2""PVC 無拉仿木共押百葉窗(套管梯帶)-Trim@Home CF8_47""*64""_A10白色WHITE_TG008","47""*64""",WHITE,2022-12-28,3,201,EA,9TG008FW24015,TG008FW24B04,CH001
300065292,2022-10-25,AS000,3100310,TG00X4,4933147,"2""PVC 無拉仿木共押百葉窗(套管梯帶)-Trim@Home CF8_52""*64""_A10白色WHITE_TG008","52""*64""",WHITE,2022-12-28,3,501,EA,9TG008FW24016,TG008FW24B04,CH001
300065292,2022-10-25,AS000,3100310,TG00X4,4933148,"2""PVC 無拉仿木共押百葉窗(套管梯帶)-Trim@Home CF8_58""*64""_A10白色WHITE_TG008","58""*64""",WHITE,2022-12-28,2,350,EA,9TG008FW24017,TG008FW24B04,CH001
300065292,2022-10-25,AS000,3100310,TG00X4,4933149,"2""PVC 無拉仿木共押百葉窗(套管梯帶)-Trim@Home CF8_59""*64""_A10白色WHITE_TG008","59""*64""",WHITE,2022-12-28,2,350,EA,9TG008FW24018,TG008FW24B04,CH001
300065292,2022-10-25,AS000,3100310,TG00X4,4933150,"2""PVC 無拉仿木共押百葉窗(套管梯帶)-Trim@Home CF8_70""*64""_A10白色WHITE_TG008","70""*64""",WHITE,2022-12-28,2,350,EA,9TG008FW24019,TG008FW24B04,CH001
300065292,2022-10-25,AS000,3100310,TG00X4,4933137,"2""PVC 無拉仿木共押百葉窗(套管梯帶)-Trim@Home CF8_23""*64""_A10白色WHITE_TG008","23""*64""",WHITE,2022-12-28,3,1002,EA,9TG008FW24006,TG008FW24B04,CH001
300065436,2022-10-28,AS000,225284188,TG1436,924684,"2""PVC 無拉仿木共押百葉窗-Trim@Home CF8 (元鼎)_35""*48""_A10白色SNOW WHITE_TG004","35""X48""",SNOW WHITE,2022-12-1,3,150,EA,9TG004FW27002,TG004FW27B01,CH001
300065436,2022-10-28,AS000,225284188,TG1436,924685,"2""PVC 無拉仿木共押百葉窗-Trim@Home CF8 (元鼎)_46""*48""_A10白色SNOW WHITE_TG004","46""X48""",SNOW WHITE,2022-12-1,3,348,EA,9TG004FW27003,TG004FW27B01,CH001
300065436,2022-10-28,AS000,225284188,TG1436,924686,"2""PVC 無拉仿木共押百葉窗-Trim@Home CF8 (元鼎)_47""*48""_A10白色SNOW WHITE_TG004","47""X48""",SNOW WHITE,2022-12-1,3,387,EA,9TG004FW27004,TG004FW27B01,CH001
300065436,2022-10-28,AS000,225284188,TG1436,924687,"2""PVC 無拉仿木共押百葉窗-Trim@Home CF8 (元鼎)_58""*48""_A10白色SNOW WHITE_TG004","58""X48""",SNOW WHITE,2022-12-1,2,122,EA,9TG004FW27005,TG004FW27B01,CH001
300065436,2022-10-28,AS000,225284188,TG1436,924688,"2""PVC 無拉仿木共押百葉窗-Trim@Home CF8 (元鼎)_59""*48""_A10白色SNOW WHITE_TG004","59""X48""",SNOW WHITE,2022-12-1,2,44,EA,9TG004FW27006,TG004FW27B01,CH001
300065436,2022-10-28,AS000,225284188,TG1436,924689,"2""PVC 無拉仿木共押百葉窗-Trim@Home CF8 (元鼎)_70""*48""_A10白色SNOW WHITE_TG004","70""X48""",SNOW WHITE,2022-12-1,2,262,EA,9TG004FW27007,TG004FW27B01,CH001
300065436,2022-10-28,AS000,225284188,TG1436,924690,"2""PVC 無拉仿木共押百葉窗-Trim@Home CF8 (元鼎)_71""*48""_A10白色SNOW WHITE_TG004","71""X48""",SNOW WHITE,2022-12-1,2,108,EA,9TG004FW27008,TG004FW27B01,CH001
300065436,2022-10-28,AS000,225284188,TG1436,924691,"2""PVC 無拉仿木共押百葉窗-Trim@Home CF8 (元鼎)_23""*64""_A10白色SNOW WHITE_TG004","23""X64""",SNOW WHITE,2022-12-1,3,123,EA,9TG004FW27009,TG004FW27B01,CH001
300065436,2022-10-28,AS000,225284188,TG1436,924692,"2""PVC 無拉仿木共押百葉窗-Trim@Home CF8 (元鼎)_27""*64""_A10白色SNOW WHITE_TG004","27""X64""",SNOW WHITE,2022-12-1,3,144,EA,9TG004FW27010,TG004FW27B01,CH001
300065436,2022-10-28,AS000,225284188,TG1436,924693,"2""PVC 無拉仿木共押百葉窗-Trim@Home CF8 (元鼎)_29""*64""_A10白色SNOW WHITE_TG004","29""X64""",SNOW WHITE,2022-12-1,3,138,EA,9TG004FW27011,TG004FW27B01,CH001
300065436,2022-10-28,AS000,225284188,TG1436,924695,"2""PVC 無拉仿木共押百葉窗-Trim@Home CF8 (元鼎)_31""*64""_A10白色SNOW WHITE_TG004","31""X64""",SNOW WHITE,2022-12-1,3,126,EA,9TG004FW27013,TG004FW27B01,CH001
300065436,2022-10-28,AS000,225284188,TG1436,924696,"2""PVC 無拉仿木共押百葉窗-Trim@Home CF8 (元鼎)_32""*64""_A10白色SNOW WHITE_TG004","32""X64""",SNOW WHITE,2022-12-1,3,3,EA,9TG004FW27014,TG004FW27B01,CH001
300065436,2022-10-28,AS000,225284188,TG1436,924698,"2""PVC 無拉仿木共押百葉窗-Trim@Home CF8 (元鼎)_34""*64""_A10白色SNOW WHITE_TG004","34""X64""",SNOW WHITE,2022-12-1,3,174,EA,9TG004FW27016,TG004FW27B01,CH001
300065436,2022-10-28,AS000,225284188,TG1436,924699,"2""PVC 無拉仿木共押百葉窗-Trim@Home CF8 (元鼎)_35""*64""_A10白色SNOW WHITE_TG004","35""X64""",SNOW WHITE,2022-12-1,3,30,EA,9TG004FW27017,TG004FW27B01,CH001
300065436,2022-10-28,AS000,225284188,TG1436,924700,"2""PVC 無拉仿木共押百葉窗-Trim@Home CF8 (元鼎)_36""*64""_A10白色SNOW WHITE_TG004","36""X64""",SNOW WHITE,2022-12-1,3,198,EA,9TG004FW27018,TG004FW27B01,CH001
300065436,2022-10-28,AS000,225284188,TG1436,924702,"2""PVC 無拉仿木共押百葉窗-Trim@Home CF8 (元鼎)_43""*64""_A10白色SNOW WHITE_TG004","43""X64""",SNOW WHITE,2022-12-1,3,156,EA,9TG004FW27020,TG004FW27B01,CH001
300065436,2022-10-28,AS000,225284188,TG1436,924703,"2""PVC 無拉仿木共押百葉窗-Trim@Home CF8 (元鼎)_46""*64""_A10白色SNOW WHITE_TG004","46""X64""",SNOW WHITE,2022-12-1,3,252,EA,9TG004FW27021,TG004FW27B01,CH001
300065436,2022-10-28,AS000,225284188,TG1436,924704,"2""PVC 無拉仿木共押百葉窗-Trim@Home CF8 (元鼎)_47""*64""_A10白色SNOW WHITE_TG004","47""X64""",SNOW WHITE,2022-12-1,3,273,EA,9TG004FW27022,TG004FW27B01,CH001
300065436,2022-10-28,AS000,225284188,TG1436,924706,"2""PVC 無拉仿木共押百葉窗-Trim@Home CF8 (元鼎)_58""*64""_A10白色SNOW WHITE_TG004","58""X64""",SNOW WHITE,2022-12-1,2,34,EA,9TG004FW27024,TG004FW27B01,CH001
300065436,2022-10-28,AS000,225284188,TG1436,924707,"2""PVC 無拉仿木共押百葉窗-Trim@Home CF8 (元鼎)_59""*64""_A10白色SNOW WHITE_TG004","59""X64""",SNOW WHITE,2022-12-1,2,16,EA,9TG004FW27025,TG004FW27B01,CH001
300065436,2022-10-28,AS000,225284188,TG1436,924710,"2""PVC 無拉仿木共押百葉窗-Trim@Home CF8 (元鼎)_72""*64""_A10白色SNOW WHITE_TG004","72""X64""",SNOW WHITE,2022-12-1,2,30,EA,9TG004FW27028,TG004FW27B01,CH001
300065436,2022-10-28,AS000,225284188,TG1436,924713,"2""PVC 無拉仿木共押百葉窗-Trim@Home CF8 (元鼎)_30""*72""_A10白色SNOW WHITE_TG004","30""X72""",SNOW WHITE,2022-12-1,3,3,EA,9TG004FW27031,TG004FW27B01,CH001
300065437,2022-10-28,AS000,225284189,TG1436,924684,"2""PVC 無拉仿木共押百葉窗-Trim@Home CF8 (元鼎)_35""*48""_A10白色SNOW WHITE_TG004","35""X48""",SNOW WHITE,2022-12-1,3,114,EA,9TG004FW27002,TG004FW27B01,CH001
300065437,2022-10-28,AS000,225284189,TG1436,924685,"2""PVC 無拉仿木共押百葉窗-Trim@Home CF8 (元鼎)_46""*48""_A10白色SNOW WHITE_TG004","46""X48""",SNOW WHITE,2022-12-1,3,186,EA,9TG004FW27003,TG004FW27B01,CH001
300065437,2022-10-28,AS000,225284189,TG1436,924686,"2""PVC 無拉仿木共押百葉窗-Trim@Home CF8 (元鼎)_47""*48""_A10白色SNOW WHITE_TG004","47""X48""",SNOW WHITE,2022-12-1,3,129,EA,9TG004FW27004,TG004FW27B01,CH001
300065437,2022-10-28,AS000,225284189,TG1436,924687,"2""PVC 無拉仿木共押百葉窗-Trim@Home CF8 (元鼎)_58""*48""_A10白色SNOW WHITE_TG004","58""X48""",SNOW WHITE,2022-12-1,2,274,EA,9TG004FW27005,TG004FW27B01,CH001
300065437,2022-10-28,AS000,225284189,TG1436,924688,"2""PVC 無拉仿木共押百葉窗-Trim@Home CF8 (元鼎)_59""*48""_A10白色SNOW WHITE_TG004","59""X48""",SNOW WHITE,2022-12-1,2,342,EA,9TG004FW27006,TG004FW27B01,CH001
300065437,2022-10-28,AS000,225284189,TG1436,924689,"2""PVC 無拉仿木共押百葉窗-Trim@Home CF8 (元鼎)_70""*48""_A10白色SNOW WHITE_TG004","70""X48""",SNOW WHITE,2022-12-1,2,112,EA,9TG004FW27007,TG004FW27B01,CH001
300065437,2022-10-28,AS000,225284189,TG1436,924690,"2""PVC 無拉仿木共押百葉窗-Trim@Home CF8 (元鼎)_71""*48""_A10白色SNOW WHITE_TG004","71""X48""",SNOW WHITE,2022-12-1,2,274,EA,9TG004FW27008,TG004FW27B01,CH001
300065437,2022-10-28,AS000,225284189,TG1436,924692,"2""PVC 無拉仿木共押百葉窗-Trim@Home CF8 (元鼎)_27""*64""_A10白色SNOW WHITE_TG004","27""X64""",SNOW WHITE,2022-12-1,3,96,EA,9TG004FW27010,TG004FW27B01,CH001
300065437,2022-10-28,AS000,225284189,TG1436,924693,"2""PVC 無拉仿木共押百葉窗-Trim@Home CF8 (元鼎)_29""*64""_A10白色SNOW WHITE_TG004","29""X64""",SNOW WHITE,2022-12-1,3,117,EA,9TG004FW27011,TG004FW27B01,CH001
300065437,2022-10-28,AS000,225284189,TG1436,924695,"2""PVC 無拉仿木共押百葉窗-Trim@Home CF8 (元鼎)_31""*64""_A10白色SNOW WHITE_TG004","31""X64""",SNOW WHITE,2022-12-1,3,36,EA,9TG004FW27013,TG004FW27B01,CH001
300065437,2022-10-28,AS000,225284189,TG1436,924697,"2""PVC 無拉仿木共押百葉窗-Trim@Home CF8 (元鼎)_33""*64""_A10白色SNOW WHITE_TG004","33""X64""",SNOW WHITE,2022-12-1,3,3,EA,9TG004FW27015,TG004FW27B01,CH001
300065437,2022-10-28,AS000,225284189,TG1436,924698,"2""PVC 無拉仿木共押百葉窗-Trim@Home CF8 (元鼎)_34""*64""_A10白色SNOW WHITE_TG004","34""X64""",SNOW WHITE,2022-12-1,3,357,EA,9TG004FW27016,TG004FW27B01,CH001
300065437,2022-10-28,AS000,225284189,TG1436,924699,"2""PVC 無拉仿木共押百葉窗-Trim@Home CF8 (元鼎)_35""*64""_A10白色SNOW WHITE_TG004","35""X64""",SNOW WHITE,2022-12-1,3,219,EA,9TG004FW27017,TG004FW27B01,CH001
300065437,2022-10-28,AS000,225284189,TG1436,924700,"2""PVC 無拉仿木共押百葉窗-Trim@Home CF8 (元鼎)_36""*64""_A10白色SNOW WHITE_TG004","36""X64""",SNOW WHITE,2022-12-1,3,18,EA,9TG004FW27018,TG004FW27B01,CH001
300065437,2022-10-28,AS000,225284189,TG1436,924701,"2""PVC 無拉仿木共押百葉窗-Trim@Home CF8 (元鼎)_39""*64""_A10白色SNOW WHITE_TG004","39""X64""",SNOW WHITE,2022-12-1,3,39,EA,9TG004FW27019,TG004FW27B01,CH001
300065437,2022-10-28,AS000,225284189,TG1436,924702,"2""PVC 無拉仿木共押百葉窗-Trim@Home CF8 (元鼎)_43""*64""_A10白色SNOW WHITE_TG004","43""X64""",SNOW WHITE,2022-12-1,3,30,EA,9TG004FW27020,TG004FW27B01,CH001
300065437,2022-10-28,AS000,225284189,TG1436,924703,"2""PVC 無拉仿木共押百葉窗-Trim@Home CF8 (元鼎)_46""*64""_A10白色SNOW WHITE_TG004","46""X64""",SNOW WHITE,2022-12-1,3,84,EA,9TG004FW27021,TG004FW27B01,CH001
300065437,2022-10-28,AS000,225284189,TG1436,924704,"2""PVC 無拉仿木共押百葉窗-Trim@Home CF8 (元鼎)_47""*64""_A10白色SNOW WHITE_TG004","47""X64""",SNOW WHITE,2022-12-1,3,87,EA,9TG004FW27022,TG004FW27B01,CH001
300065437,2022-10-28,AS000,225284189,TG1436,924706,"2""PVC 無拉仿木共押百葉窗-Trim@Home CF8 (元鼎)_58""*64""_A10白色SNOW WHITE_TG004","58""X64""",SNOW WHITE,2022-12-1,2,84,EA,9TG004FW27024,TG004FW27B01,CH001
300065437,2022-10-28,AS000,225284189,TG1436,924707,"2""PVC 無拉仿木共押百葉窗-Trim@Home CF8 (元鼎)_59""*64""_A10白色SNOW WHITE_TG004","59""X64""",SNOW WHITE,2022-12-1,2,134,EA,9TG004FW27025,TG004FW27B01,CH001
300065437,2022-10-28,AS000,225284189,TG1436,924708,"2""PVC 無拉仿木共押百葉窗-Trim@Home CF8 (元鼎)_70""*64""_A10白色SNOW WHITE_TG004","70""X64""",SNOW WHITE,2022-12-1,2,92,EA,9TG004FW27026,TG004FW27B01,CH001
300065437,2022-10-28,AS000,225284189,TG1436,924710,"2""PVC 無拉仿木共押百葉窗-Trim@Home CF8 (元鼎)_72""*64""_A10白色SNOW WHITE_TG004","72""X64""",SNOW WHITE,2022-12-1,2,26,EA,9TG004FW27028,TG004FW27B01,CH001
300065437,2022-10-28,AS000,225284189,TG1436,924715,"2""PVC 無拉仿木共押百葉窗-Trim@Home CF8 (元鼎)_32""*72""_A10白色SNOW WHITE_TG004","32""X72""",SNOW WHITE,2022-12-1,3,3,EA,9TG004FW27033,TG004FW27B01,CH001
300065438,2022-10-28,AS000,225284190,TG1436,924682,"2""PVC 無拉仿木共押百葉窗-SideLight CF8 Mini_9""*72""_A10白色SNOW WHITE_TG004","9""x72""",SNOW WHITE,2022-12-1,4,88,EA,9TG004FW28001,TG004FW28B01,CH001
300065438,2022-10-28,AS000,225284190,TG1436,924683,"2""PVC 無拉仿木共押百葉窗-Trim@Home CF8 (元鼎)_23""*42""_A10白色SNOW WHITE_TG004","23""X42""",SNOW WHITE,2022-12-1,3,87,EA,9TG004FW27001,TG004FW27B01,CH001
300065438,2022-10-28,AS000,225284190,TG1436,924684,"2""PVC 無拉仿木共押百葉窗-Trim@Home CF8 (元鼎)_35""*48""_A10白色SNOW WHITE_TG004","35""X48""",SNOW WHITE,2022-12-1,3,138,EA,9TG004FW27002,TG004FW27B01,CH001
300065438,2022-10-28,AS000,225284190,TG1436,924685,"2""PVC 無拉仿木共押百葉窗-Trim@Home CF8 (元鼎)_46""*48""_A10白色SNOW WHITE_TG004","46""X48""",SNOW WHITE,2022-12-1,3,123,EA,9TG004FW27003,TG004FW27B01,CH001
300065438,2022-10-28,AS000,225284190,TG1436,924686,"2""PVC 無拉仿木共押百葉窗-Trim@Home CF8 (元鼎)_47""*48""_A10白色SNOW WHITE_TG004","47""X48""",SNOW WHITE,2022-12-1,3,276,EA,9TG004FW27004,TG004FW27B01,CH001
300065438,2022-10-28,AS000,225284190,TG1436,924687,"2""PVC 無拉仿木共押百葉窗-Trim@Home CF8 (元鼎)_58""*48""_A10白色SNOW WHITE_TG004","58""X48""",SNOW WHITE,2022-12-1,2,70,EA,9TG004FW27005,TG004FW27B01,CH001
300065438,2022-10-28,AS000,225284190,TG1436,924688,"2""PVC 無拉仿木共押百葉窗-Trim@Home CF8 (元鼎)_59""*48""_A10白色SNOW WHITE_TG004","59""X48""",SNOW WHITE,2022-12-1,2,288,EA,9TG004FW27006,TG004FW27B01,CH001
300065438,2022-10-28,AS000,225284190,TG1436,924689,"2""PVC 無拉仿木共押百葉窗-Trim@Home CF8 (元鼎)_70""*48""_A10白色SNOW WHITE_TG004","70""X48""",SNOW WHITE,2022-12-1,2,230,EA,9TG004FW27007,TG004FW27B01,CH001
300065438,2022-10-28,AS000,225284190,TG1436,924690,"2""PVC 無拉仿木共押百葉窗-Trim@Home CF8 (元鼎)_71""*48""_A10白色SNOW WHITE_TG004","71""X48""",SNOW WHITE,2022-12-1,2,88,EA,9TG004FW27008,TG004FW27B01,CH001
300065438,2022-10-28,AS000,225284190,TG1436,924691,"2""PVC 無拉仿木共押百葉窗-Trim@Home CF8 (元鼎)_23""*64""_A10白色SNOW WHITE_TG004","23""X64""",SNOW WHITE,2022-12-1,3,297,EA,9TG004FW27009,TG004FW27B01,CH001
300065438,2022-10-28,AS000,225284190,TG1436,924692,"2""PVC 無拉仿木共押百葉窗-Trim@Home CF8 (元鼎)_27""*64""_A10白色SNOW WHITE_TG004","27""X64""",SNOW WHITE,2022-12-1,3,54,EA,9TG004FW27010,TG004FW27B01,CH001
300065438,2022-10-28,AS000,225284190,TG1436,924693,"2""PVC 無拉仿木共押百葉窗-Trim@Home CF8 (元鼎)_29""*64""_A10白色SNOW WHITE_TG004","29""X64""",SNOW WHITE,2022-12-1,3,57,EA,9TG004FW27011,TG004FW27B01,CH001
300065438,2022-10-28,AS000,225284190,TG1436,924695,"2""PVC 無拉仿木共押百葉窗-Trim@Home CF8 (元鼎)_31""*64""_A10白色SNOW WHITE_TG004","31""X64""",SNOW WHITE,2022-12-1,3,36,EA,9TG004FW27013,TG004FW27B01,CH001
300065438,2022-10-28,AS000,225284190,TG1436,924698,"2""PVC 無拉仿木共押百葉窗-Trim@Home CF8 (元鼎)_34""*64""_A10白色SNOW WHITE_TG004","34""X64""",SNOW WHITE,2022-12-1,3,87,EA,9TG004FW27016,TG004FW27B01,CH001
300065438,2022-10-28,AS000,225284190,TG1436,924699,"2""PVC 無拉仿木共押百葉窗-Trim@Home CF8 (元鼎)_35""*64""_A10白色SNOW WHITE_TG004","35""X64""",SNOW WHITE,2022-12-1,3,96,EA,9TG004FW27017,TG004FW27B01,CH001
300065438,2022-10-28,AS000,225284190,TG1436,924700,"2""PVC 無拉仿木共押百葉窗-Trim@Home CF8 (元鼎)_36""*64""_A10白色SNOW WHITE_TG004","36""X64""",SNOW WHITE,2022-12-1,3,3,EA,9TG004FW27018,TG004FW27B01,CH001
300065438,2022-10-28,AS000,225284190,TG1436,924701,"2""PVC 無拉仿木共押百葉窗-Trim@Home CF8 (元鼎)_39""*64""_A10白色SNOW WHITE_TG004","39""X64""",SNOW WHITE,2022-12-1,3,30,EA,9TG004FW27019,TG004FW27B01,CH001
300065438,2022-10-28,AS000,225284190,TG1436,924702,"2""PVC 無拉仿木共押百葉窗-Trim@Home CF8 (元鼎)_43""*64""_A10白色SNOW WHITE_TG004","43""X64""",SNOW WHITE,2022-12-1,3,36,EA,9TG004FW27020,TG004FW27B01,CH001
300065438,2022-10-28,AS000,225284190,TG1436,924703,"2""PVC 無拉仿木共押百葉窗-Trim@Home CF8 (元鼎)_46""*64""_A10白色SNOW WHITE_TG004","46""X64""",SNOW WHITE,2022-12-1,3,219,EA,9TG004FW27021,TG004FW27B01,CH001
300065438,2022-10-28,AS000,225284190,TG1436,924704,"2""PVC 無拉仿木共押百葉窗-Trim@Home CF8 (元鼎)_47""*64""_A10白色SNOW WHITE_TG004","47""X64""",SNOW WHITE,2022-12-1,3,252,EA,9TG004FW27022,TG004FW27B01,CH001
300065438,2022-10-28,AS000,225284190,TG1436,924706,"2""PVC 無拉仿木共押百葉窗-Trim@Home CF8 (元鼎)_58""*64""_A10白色SNOW WHITE_TG004","58""X64""",SNOW WHITE,2022-12-1,2,132,EA,9TG004FW27024,TG004FW27B01,CH001
300065438,2022-10-28,AS000,225284190,TG1436,924707,"2""PVC 無拉仿木共押百葉窗-Trim@Home CF8 (元鼎)_59""*64""_A10白色SNOW WHITE_TG004","59""X64""",SNOW WHITE,2022-12-1,2,136,EA,9TG004FW27025,TG004FW27B01,CH001
300065438,2022-10-28,AS000,225284190,TG1436,924708,"2""PVC 無拉仿木共押百葉窗-Trim@Home CF8 (元鼎)_70""*64""_A10白色SNOW WHITE_TG004","70""X64""",SNOW WHITE,2022-12-1,2,98,EA,9TG004FW27026,TG004FW27B01,CH001
300065438,2022-10-28,AS000,225284190,TG1436,924710,"2""PVC 無拉仿木共押百葉窗-Trim@Home CF8 (元鼎)_72""*64""_A10白色SNOW WHITE_TG004","72""X64""",SNOW WHITE,2022-12-1,2,14,EA,9TG004FW27028,TG004FW27B01,CH001
300065439,2022-10-28,AS000,225284213,TG0992,924681,"2""無拉仿木預備片轉角組_x_A10白色SNOW WHITE_TG004","64""(寬)",SNOW WHITE,2022-12-8,240,1200,EA,9TG004PA01004,TG004PA01B01,CH001
300065439,2022-10-28,AS000,225284213,TG0992,924692,"2""PVC 無拉仿木共押百葉窗-Trim@Home CF8 (元鼎)_27""*64""_A10白色SNOW WHITE_TG004","27""X64""",SNOW WHITE,2022-12-8,3,249,EA,9TG004FW27010,TG004FW27B01,CH001
300065439,2022-10-28,AS000,225284213,TG0992,924693,"2""PVC 無拉仿木共押百葉窗-Trim@Home CF8 (元鼎)_29""*64""_A10白色SNOW WHITE_TG004","29""X64""",SNOW WHITE,2022-12-8,3,150,EA,9TG004FW27011,TG004FW27B01,CH001
300065439,2022-10-28,AS000,225284213,TG0992,924694,"2""PVC 無拉仿木共押百葉窗-Trim@Home CF8 (元鼎)_30""*64""_A10白色SNOW WHITE_TG004","30""X64""",SNOW WHITE,2022-12-8,3,150,EA,9TG004FW27012,TG004FW27B01,CH001
300065439,2022-10-28,AS000,225284213,TG0992,924696,"2""PVC 無拉仿木共押百葉窗-Trim@Home CF8 (元鼎)_32""*64""_A10白色SNOW WHITE_TG004","32""X64""",SNOW WHITE,2022-12-8,3,126,EA,9TG004FW27014,TG004FW27B01,CH001
300065439,2022-10-28,AS000,225284213,TG0992,924697,"2""PVC 無拉仿木共押百葉窗-Trim@Home CF8 (元鼎)_33""*64""_A10白色SNOW WHITE_TG004","33""X64""",SNOW WHITE,2022-12-8,3,408,EA,9TG004FW27015,TG004FW27B01,CH001
300065439,2022-10-28,AS000,225284213,TG0992,924698,"2""PVC 無拉仿木共押百葉窗-Trim@Home CF8 (元鼎)_34""*64""_A10白色SNOW WHITE_TG004","34""X64""",SNOW WHITE,2022-12-8,3,291,EA,9TG004FW27016,TG004FW27B01,CH001
300065439,2022-10-28,AS000,225284213,TG0992,924699,"2""PVC 無拉仿木共押百葉窗-Trim@Home CF8 (元鼎)_35""*64""_A10白色SNOW WHITE_TG004","35""X64""",SNOW WHITE,2022-12-8,3,768,EA,9TG004FW27017,TG004FW27B01,CH001
300065439,2022-10-28,AS000,225284213,TG0992,924700,"2""PVC 無拉仿木共押百葉窗-Trim@Home CF8 (元鼎)_36""*64""_A10白色SNOW WHITE_TG004","36""X64""",SNOW WHITE,2022-12-8,3,204,EA,9TG004FW27018,TG004FW27B01,CH001
300065439,2022-10-28,AS000,225284213,TG0992,924701,"2""PVC 無拉仿木共押百葉窗-Trim@Home CF8 (元鼎)_39""*64""_A10白色SNOW WHITE_TG004","39""X64""",SNOW WHITE,2022-12-8,3,267,EA,9TG004FW27019,TG004FW27B01,CH001
300065439,2022-10-28,AS000,225284213,TG0992,924702,"2""PVC 無拉仿木共押百葉窗-Trim@Home CF8 (元鼎)_43""*64""_A10白色SNOW WHITE_TG004","43""X64""",SNOW WHITE,2022-12-8,3,138,EA,9TG004FW27020,TG004FW27B01,CH001
300065439,2022-10-28,AS000,225284213,TG0992,924703,"2""PVC 無拉仿木共押百葉窗-Trim@Home CF8 (元鼎)_46""*64""_A10白色SNOW WHITE_TG004","46""X64""",SNOW WHITE,2022-12-8,3,114,EA,9TG004FW27021,TG004FW27B01,CH001
300065439,2022-10-28,AS000,225284213,TG0992,924704,"2""PVC 無拉仿木共押百葉窗-Trim@Home CF8 (元鼎)_47""*64""_A10白色SNOW WHITE_TG004","47""X64""",SNOW WHITE,2022-12-8,3,108,EA,9TG004FW27022,TG004FW27B01,CH001
300065439,2022-10-28,AS000,225284213,TG0992,924711,"2""PVC 無拉仿木共押百葉窗-Trim@Home CF8 (元鼎)_23""*72""_A10白色SNOW WHITE_TG004","23""X72""",SNOW WHITE,2022-12-8,3,60,EA,9TG004FW27029,TG004FW27B01,CH001
300065439,2022-10-28,AS000,225284213,TG0992,924713,"2""PVC 無拉仿木共押百葉窗-Trim@Home CF8 (元鼎)_30""*72""_A10白色SNOW WHITE_TG004","30""X72""",SNOW WHITE,2022-12-8,3,54,EA,9TG004FW27031,TG004FW27B01,CH001
300065439,2022-10-28,AS000,225284213,TG0992,924714,"2""PVC 無拉仿木共押百葉窗-Trim@Home CF8 (元鼎)_31""*72""_A10白色SNOW WHITE_TG004","31""X72""",SNOW WHITE,2022-12-8,3,108,EA,9TG004FW27032,TG004FW27B01,CH001
300065439,2022-10-28,AS000,225284213,TG0992,924715,"2""PVC 無拉仿木共押百葉窗-Trim@Home CF8 (元鼎)_32""*72""_A10白色SNOW WHITE_TG004","32""X72""",SNOW WHITE,2022-12-8,3,129,EA,9TG004FW27033,TG004FW27B01,CH001
300065439,2022-10-28,AS000,225284213,TG0992,924716,"2""PVC 無拉仿木共押百葉窗-Trim@Home CF8 (元鼎)_34""*72""_A10白色SNOW WHITE_TG004","34""X72""",SNOW WHITE,2022-12-8,3,306,EA,9TG004FW27034,TG004FW27B01,CH001
300065439,2022-10-28,AS000,225284213,TG0992,924717,"2""PVC 無拉仿木共押百葉窗-Trim@Home CF8 (元鼎)_35""*72""_A10白色SNOW WHITE_TG004","35""X72""",SNOW WHITE,2022-12-8,3,27,EA,9TG004FW27035,TG004FW27B01,CH001
300065440,2022-10-28,AS000,225284220,TG0960,924682,"2""PVC 無拉仿木共押百葉窗-SideLight CF8 Mini_9""*72""_A10白色SNOW WHITE_TG004","9""x72""",SNOW WHITE,2022-12-8,4,88,EA,9TG004FW28001,TG004FW28B01,CH001
300065440,2022-10-28,AS000,225284220,TG0960,924694,"2""PVC 無拉仿木共押百葉窗-Trim@Home CF8 (元鼎)_30""*64""_A10白色SNOW WHITE_TG004","30""X64""",SNOW WHITE,2022-12-8,3,465,EA,9TG004FW27012,TG004FW27B01,CH001
300065440,2022-10-28,AS000,225284220,TG0960,924695,"2""PVC 無拉仿木共押百葉窗-Trim@Home CF8 (元鼎)_31""*64""_A10白色SNOW WHITE_TG004","31""X64""",SNOW WHITE,2022-12-8,3,552,EA,9TG004FW27013,TG004FW27B01,CH001
300065440,2022-10-28,AS000,225284220,TG0960,924696,"2""PVC 無拉仿木共押百葉窗-Trim@Home CF8 (元鼎)_32""*64""_A10白色SNOW WHITE_TG004","32""X64""",SNOW WHITE,2022-12-8,3,75,EA,9TG004FW27014,TG004FW27B01,CH001
300065440,2022-10-28,AS000,225284220,TG0960,924698,"2""PVC 無拉仿木共押百葉窗-Trim@Home CF8 (元鼎)_34""*64""_A10白色SNOW WHITE_TG004","34""X64""",SNOW WHITE,2022-12-8,3,1026,EA,9TG004FW27016,TG004FW27B01,CH001
300065440,2022-10-28,AS000,225284220,TG0960,924711,"2""PVC 無拉仿木共押百葉窗-Trim@Home CF8 (元鼎)_23""*72""_A10白色SNOW WHITE_TG004","23""X72""",SNOW WHITE,2022-12-8,3,114,EA,9TG004FW27029,TG004FW27B01,CH001
300065440,2022-10-28,AS000,225284220,TG0960,924714,"2""PVC 無拉仿木共押百葉窗-Trim@Home CF8 (元鼎)_31""*72""_A10白色SNOW WHITE_TG004","31""X72""",SNOW WHITE,2022-12-8,3,222,EA,9TG004FW27032,TG004FW27B01,CH001
300065440,2022-10-28,AS000,225284220,TG0960,924715,"2""PVC 無拉仿木共押百葉窗-Trim@Home CF8 (元鼎)_32""*72""_A10白色SNOW WHITE_TG004","32""X72""",SNOW WHITE,2022-12-8,3,159,EA,9TG004FW27033,TG004FW27B01,CH001
300065440,2022-10-28,AS000,225284220,TG0960,924716,"2""PVC 無拉仿木共押百葉窗-Trim@Home CF8 (元鼎)_34""*72""_A10白色SNOW WHITE_TG004","34""X72""",SNOW WHITE,2022-12-8,3,48,EA,9TG004FW27034,TG004FW27B01,CH001
300065440,2022-10-28,AS000,225284220,TG0960,924717,"2""PVC 無拉仿木共押百葉窗-Trim@Home CF8 (元鼎)_35""*72""_A10白色SNOW WHITE_TG004","35""X72""",SNOW WHITE,2022-12-8,3,1125,EA,9TG004FW27035,TG004FW27B01,CH001
300065441,2022-10-28,AS000,225284221,TG0960,924682,"2""PVC 無拉仿木共押百葉窗-SideLight CF8 Mini_9""*72""_A10白色SNOW WHITE_TG004","9""x72""",SNOW WHITE,2022-12-8,4,612,EA,9TG004FW28001,TG004FW28B01,CH001
300065441,2022-10-28,AS000,225284221,TG0960,924689,"2""PVC 無拉仿木共押百葉窗-Trim@Home CF8 (元鼎)_70""*48""_A10白色SNOW WHITE_TG004","70""X48""",SNOW WHITE,2022-12-8,2,2,EA,9TG004FW27007,TG004FW27B01,CH001
300065441,2022-10-28,AS000,225284221,TG0960,924691,"2""PVC 無拉仿木共押百葉窗-Trim@Home CF8 (元鼎)_23""*64""_A10白色SNOW WHITE_TG004","23""X64""",SNOW WHITE,2022-12-8,3,222,EA,9TG004FW27009,TG004FW27B01,CH001
300065441,2022-10-28,AS000,225284221,TG0960,924692,"2""PVC 無拉仿木共押百葉窗-Trim@Home CF8 (元鼎)_27""*64""_A10白色SNOW WHITE_TG004","27""X64""",SNOW WHITE,2022-12-8,3,96,EA,9TG004FW27010,TG004FW27B01,CH001
300065441,2022-10-28,AS000,225284221,TG0960,924693,"2""PVC 無拉仿木共押百葉窗-Trim@Home CF8 (元鼎)_29""*64""_A10白色SNOW WHITE_TG004","29""X64""",SNOW WHITE,2022-12-8,3,639,EA,9TG004FW27011,TG004FW27B01,CH001
300065441,2022-10-28,AS000,225284221,TG0960,924694,"2""PVC 無拉仿木共押百葉窗-Trim@Home CF8 (元鼎)_30""*64""_A10白色SNOW WHITE_TG004","30""X64""",SNOW WHITE,2022-12-8,3,513,EA,9TG004FW27012,TG004FW27B01,CH001
300065441,2022-10-28,AS000,225284221,TG0960,924695,"2""PVC 無拉仿木共押百葉窗-Trim@Home CF8 (元鼎)_31""*64""_A10白色SNOW WHITE_TG004","31""X64""",SNOW WHITE,2022-12-8,3,651,EA,9TG004FW27013,TG004FW27B01,CH001
300065441,2022-10-28,AS000,225284221,TG0960,924696,"2""PVC 無拉仿木共押百葉窗-Trim@Home CF8 (元鼎)_32""*64""_A10白色SNOW WHITE_TG004","32""X64""",SNOW WHITE,2022-12-8,3,324,EA,9TG004FW27014,TG004FW27B01,CH001
300065441,2022-10-28,AS000,225284221,TG0960,924698,"2""PVC 無拉仿木共押百葉窗-Trim@Home CF8 (元鼎)_34""*64""_A10白色SNOW WHITE_TG004","34""X64""",SNOW WHITE,2022-12-8,3,69,EA,9TG004FW27016,TG004FW27B01,CH001
300065441,2022-10-28,AS000,225284221,TG0960,924700,"2""PVC 無拉仿木共押百葉窗-Trim@Home CF8 (元鼎)_36""*64""_A10白色SNOW WHITE_TG004","36""X64""",SNOW WHITE,2022-12-8,3,357,EA,9TG004FW27018,TG004FW27B01,CH001
300065441,2022-10-28,AS000,225284221,TG0960,924701,"2""PVC 無拉仿木共押百葉窗-Trim@Home CF8 (元鼎)_39""*64""_A10白色SNOW WHITE_TG004","39""X64""",SNOW WHITE,2022-12-8,3,651,EA,9TG004FW27019,TG004FW27B01,CH001
300065441,2022-10-28,AS000,225284221,TG0960,924712,"2""PVC 無拉仿木共押百葉窗-Trim@Home CF8 (元鼎)_27""*72""_A10白色SNOW WHITE_TG004","27""X72""",SNOW WHITE,2022-12-8,3,78,EA,9TG004FW27030,TG004FW27B01,CH001
300065441,2022-10-28,AS000,225284221,TG0960,924715,"2""PVC 無拉仿木共押百葉窗-Trim@Home CF8 (元鼎)_32""*72""_A10白色SNOW WHITE_TG004","32""X72""",SNOW WHITE,2022-12-8,3,159,EA,9TG004FW27033,TG004FW27B01,CH001
300065442,2022-10-28,AS000,225284222,TG0960,924682,"2""PVC 無拉仿木共押百葉窗-SideLight CF8 Mini_9""*72""_A10白色SNOW WHITE_TG004","9""x72""",SNOW WHITE,2022-12-15,4,60,EA,9TG004FW28001,TG004FW28B01,CH001
300065442,2022-10-28,AS000,225284222,TG0960,924683,"2""PVC 無拉仿木共押百葉窗-Trim@Home CF8 (元鼎)_23""*42""_A10白色SNOW WHITE_TG004","23""X42""",SNOW WHITE,2022-12-15,3,54,EA,9TG004FW27001,TG004FW27B01,CH001
300065442,2022-10-28,AS000,225284222,TG0960,924684,"2""PVC 無拉仿木共押百葉窗-Trim@Home CF8 (元鼎)_35""*48""_A10白色SNOW WHITE_TG004","35""X48""",SNOW WHITE,2022-12-15,3,138,EA,9TG004FW27002,TG004FW27B01,CH001
300065442,2022-10-28,AS000,225284222,TG0960,924691,"2""PVC 無拉仿木共押百葉窗-Trim@Home CF8 (元鼎)_23""*64""_A10白色SNOW WHITE_TG004","23""X64""",SNOW WHITE,2022-12-15,3,225,EA,9TG004FW27009,TG004FW27B01,CH001
300065442,2022-10-28,AS000,225284222,TG0960,924692,"2""PVC 無拉仿木共押百葉窗-Trim@Home CF8 (元鼎)_27""*64""_A10白色SNOW WHITE_TG004","27""X64""",SNOW WHITE,2022-12-15,3,303,EA,9TG004FW27010,TG004FW27B01,CH001
300065442,2022-10-28,AS000,225284222,TG0960,924693,"2""PVC 無拉仿木共押百葉窗-Trim@Home CF8 (元鼎)_29""*64""_A10白色SNOW WHITE_TG004","29""X64""",SNOW WHITE,2022-12-15,3,327,EA,9TG004FW27011,TG004FW27B01,CH001
300065442,2022-10-28,AS000,225284222,TG0960,924694,"2""PVC 無拉仿木共押百葉窗-Trim@Home CF8 (元鼎)_30""*64""_A10白色SNOW WHITE_TG004","30""X64""",SNOW WHITE,2022-12-15,3,453,EA,9TG004FW27012,TG004FW27B01,CH001
300065442,2022-10-28,AS000,225284222,TG0960,924695,"2""PVC 無拉仿木共押百葉窗-Trim@Home CF8 (元鼎)_31""*64""_A10白色SNOW WHITE_TG004","31""X64""",SNOW WHITE,2022-12-15,3,441,EA,9TG004FW27013,TG004FW27B01,CH001
300065442,2022-10-28,AS000,225284222,TG0960,924696,"2""PVC 無拉仿木共押百葉窗-Trim@Home CF8 (元鼎)_32""*64""_A10白色SNOW WHITE_TG004","32""X64""",SNOW WHITE,2022-12-15,3,348,EA,9TG004FW27014,TG004FW27B01,CH001
300065442,2022-10-28,AS000,225284222,TG0960,924698,"2""PVC 無拉仿木共押百葉窗-Trim@Home CF8 (元鼎)_34""*64""_A10白色SNOW WHITE_TG004","34""X64""",SNOW WHITE,2022-12-15,3,480,EA,9TG004FW27016,TG004FW27B01,CH001
300065442,2022-10-28,AS000,225284222,TG0960,924700,"2""PVC 無拉仿木共押百葉窗-Trim@Home CF8 (元鼎)_36""*64""_A10白色SNOW WHITE_TG004","36""X64""",SNOW WHITE,2022-12-15,3,561,EA,9TG004FW27018,TG004FW27B01,CH001
300065442,2022-10-28,AS000,225284222,TG0960,924701,"2""PVC 無拉仿木共押百葉窗-Trim@Home CF8 (元鼎)_39""*64""_A10白色SNOW WHITE_TG004","39""X64""",SNOW WHITE,2022-12-15,3,261,EA,9TG004FW27019,TG004FW27B01,CH001
300065442,2022-10-28,AS000,225284222,TG0960,924702,"2""PVC 無拉仿木共押百葉窗-Trim@Home CF8 (元鼎)_43""*64""_A10白色SNOW WHITE_TG004","43""X64""",SNOW WHITE,2022-12-15,3,3,EA,9TG004FW27020,TG004FW27B01,CH001
300065442,2022-10-28,AS000,225284222,TG0960,924712,"2""PVC 無拉仿木共押百葉窗-Trim@Home CF8 (元鼎)_27""*72""_A10白色SNOW WHITE_TG004","27""X72""",SNOW WHITE,2022-12-15,3,180,EA,9TG004FW27030,TG004FW27B01,CH001
300065442,2022-10-28,AS000,225284222,TG0960,924715,"2""PVC 無拉仿木共押百葉窗-Trim@Home CF8 (元鼎)_32""*72""_A10白色SNOW WHITE_TG004","32""X72""",SNOW WHITE,2022-12-15,3,150,EA,9TG004FW27033,TG004FW27B01,CH001
300065443,2022-10-28,AS000,225284223,TG0961,924688,"2""PVC 無拉仿木共押百葉窗-Trim@Home CF8 (元鼎)_59""*48""_A10白色SNOW WHITE_TG004","59""X48""",SNOW WHITE,2022-12-15,2,2,EA,9TG004FW27006,TG004FW27B01,CH001
300065443,2022-10-28,AS000,225284223,TG0961,924690,"2""PVC 無拉仿木共押百葉窗-Trim@Home CF8 (元鼎)_71""*48""_A10白色SNOW WHITE_TG004","71""X48""",SNOW WHITE,2022-12-15,2,2,EA,9TG004FW27008,TG004FW27B01,CH001
300065443,2022-10-28,AS000,225284223,TG0961,924693,"2""PVC 無拉仿木共押百葉窗-Trim@Home CF8 (元鼎)_29""*64""_A10白色SNOW WHITE_TG004","29""X64""",SNOW WHITE,2022-12-15,3,336,EA,9TG004FW27011,TG004FW27B01,CH001
300065443,2022-10-28,AS000,225284223,TG0961,924694,"2""PVC 無拉仿木共押百葉窗-Trim@Home CF8 (元鼎)_30""*64""_A10白色SNOW WHITE_TG004","30""X64""",SNOW WHITE,2022-12-15,3,15,EA,9TG004FW27012,TG004FW27B01,CH001
300065443,2022-10-28,AS000,225284223,TG0961,924695,"2""PVC 無拉仿木共押百葉窗-Trim@Home CF8 (元鼎)_31""*64""_A10白色SNOW WHITE_TG004","31""X64""",SNOW WHITE,2022-12-15,3,384,EA,9TG004FW27013,TG004FW27B01,CH001
300065443,2022-10-28,AS000,225284223,TG0961,924699,"2""PVC 無拉仿木共押百葉窗-Trim@Home CF8 (元鼎)_35""*64""_A10白色SNOW WHITE_TG004","35""X64""",SNOW WHITE,2022-12-15,3,1542,EA,9TG004FW27017,TG004FW27B01,CH001
300065443,2022-10-28,AS000,225284223,TG0961,924701,"2""PVC 無拉仿木共押百葉窗-Trim@Home CF8 (元鼎)_39""*64""_A10白色SNOW WHITE_TG004","39""X64""",SNOW WHITE,2022-12-15,3,336,EA,9TG004FW27019,TG004FW27B01,CH001
300065443,2022-10-28,AS000,225284223,TG0961,924707,"2""PVC 無拉仿木共押百葉窗-Trim@Home CF8 (元鼎)_59""*64""_A10白色SNOW WHITE_TG004","59""X64""",SNOW WHITE,2022-12-15,2,2,EA,9TG004FW27025,TG004FW27B01,CH001
300065443,2022-10-28,AS000,225284223,TG0961,924711,"2""PVC 無拉仿木共押百葉窗-Trim@Home CF8 (元鼎)_23""*72""_A10白色SNOW WHITE_TG004","23""X72""",SNOW WHITE,2022-12-15,3,135,EA,9TG004FW27029,TG004FW27B01,CH001
300065443,2022-10-28,AS000,225284223,TG0961,924713,"2""PVC 無拉仿木共押百葉窗-Trim@Home CF8 (元鼎)_30""*72""_A10白色SNOW WHITE_TG004","30""X72""",SNOW WHITE,2022-12-15,3,87,EA,9TG004FW27031,TG004FW27B01,CH001
300065443,2022-10-28,AS000,225284223,TG0961,924714,"2""PVC 無拉仿木共押百葉窗-Trim@Home CF8 (元鼎)_31""*72""_A10白色SNOW WHITE_TG004","31""X72""",SNOW WHITE,2022-12-15,3,234,EA,9TG004FW27032,TG004FW27B01,CH001
300065443,2022-10-28,AS000,225284223,TG0961,924715,"2""PVC 無拉仿木共押百葉窗-Trim@Home CF8 (元鼎)_32""*72""_A10白色SNOW WHITE_TG004","32""X72""",SNOW WHITE,2022-12-15,3,201,EA,9TG004FW27033,TG004FW27B01,CH001
300065443,2022-10-28,AS000,225284223,TG0961,924716,"2""PVC 無拉仿木共押百葉窗-Trim@Home CF8 (元鼎)_34""*72""_A10白色SNOW WHITE_TG004","34""X72""",SNOW WHITE,2022-12-15,3,243,EA,9TG004FW27034,TG004FW27B01,CH001
300065443,2022-10-28,AS000,225284223,TG0961,924717,"2""PVC 無拉仿木共押百葉窗-Trim@Home CF8 (元鼎)_35""*72""_A10白色SNOW WHITE_TG004","35""X72""",SNOW WHITE,2022-12-15,3,216,EA,9TG004FW27035,TG004FW27B01,CH001
300066437,2022-11-16,AS000,226875745,TG1419,924684,"2""PVC 無拉仿木共押百葉窗-Trim@Home CF8 (元鼎)_35""*48""_A10白色SNOW WHITE_TG004","35""X48""",SNOW WHITE,2022-12-8,3,129,EA,9TG004FW27002,TG004FW27B01,CH001
300066437,2022-11-16,AS000,226875745,TG1419,924691,"2""PVC 無拉仿木共押百葉窗-Trim@Home CF8 (元鼎)_23""*64""_A10白色SNOW WHITE_TG004","23""X64""",SNOW WHITE,2022-12-8,3,69,EA,9TG004FW27009,TG004FW27B01,CH001
300066437,2022-11-16,AS000,226875745,TG1419,924693,"2""PVC 無拉仿木共押百葉窗-Trim@Home CF8 (元鼎)_29""*64""_A10白色SNOW WHITE_TG004","29""X64""",SNOW WHITE,2022-12-8,3,447,EA,9TG004FW27011,TG004FW27B01,CH001
300066437,2022-11-16,AS000,226875745,TG1419,924694,"2""PVC 無拉仿木共押百葉窗-Trim@Home CF8 (元鼎)_30""*64""_A10白色SNOW WHITE_TG004","30""X64""",SNOW WHITE,2022-12-8,3,18,EA,9TG004FW27012,TG004FW27B01,CH001
300066437,2022-11-16,AS000,226875745,TG1419,924695,"2""PVC 無拉仿木共押百葉窗-Trim@Home CF8 (元鼎)_31""*64""_A10白色SNOW WHITE_TG004","31""X64""",SNOW WHITE,2022-12-8,3,6,EA,9TG004FW27013,TG004FW27B01,CH001
300066437,2022-11-16,AS000,226875745,TG1419,924698,"2""PVC 無拉仿木共押百葉窗-Trim@Home CF8 (元鼎)_34""*64""_A10白色SNOW WHITE_TG004","34""X64""",SNOW WHITE,2022-12-8,3,189,EA,9TG004FW27016,TG004FW27B01,CH001
300066437,2022-11-16,AS000,226875745,TG1419,924699,"2""PVC 無拉仿木共押百葉窗-Trim@Home CF8 (元鼎)_35""*64""_A10白色SNOW WHITE_TG004","35""X64""",SNOW WHITE,2022-12-8,3,1029,EA,9TG004FW27017,TG004FW27B01,CH001
300066437,2022-11-16,AS000,226875745,TG1419,924700,"2""PVC 無拉仿木共押百葉窗-Trim@Home CF8 (元鼎)_36""*64""_A10白色SNOW WHITE_TG004","36""X64""",SNOW WHITE,2022-12-8,3,510,EA,9TG004FW27018,TG004FW27B01,CH001
300066437,2022-11-16,AS000,226875745,TG1419,924705,"2""PVC 無拉仿木共押百葉窗-Trim@Home CF8 (元鼎)_52""*64""_A10白色SNOW WHITE_TG004","52""X64""",SNOW WHITE,2022-12-8,3,540,EA,9TG004FW27023,TG004FW27B01,CH001
300066437,2022-11-16,AS000,226875745,TG1419,924710,"2""PVC 無拉仿木共押百葉窗-Trim@Home CF8 (元鼎)_72""*64""_A10白色SNOW WHITE_TG004","72""X64""",SNOW WHITE,2022-12-8,2,268,EA,9TG004FW27028,TG004FW27B01,CH001
300066437,2022-11-16,AS000,226875745,TG1419,924717,"2""PVC 無拉仿木共押百葉窗-Trim@Home CF8 (元鼎)_35""*72""_A10白色SNOW WHITE_TG004","35""X72""",SNOW WHITE,2022-12-8,3,6,EA,9TG004FW27035,TG004FW27B01,CH001
300066438,2022-11-16,AS000,226875746,TG0992,924691,"2""PVC 無拉仿木共押百葉窗-Trim@Home CF8 (元鼎)_23""*64""_A10白色SNOW WHITE_TG004","23""X64""",SNOW WHITE,2022-12-8,3,81,EA,9TG004FW27009,TG004FW27B01,CH001
300066438,2022-11-16,AS000,226875746,TG0992,924692,"2""PVC 無拉仿木共押百葉窗-Trim@Home CF8 (元鼎)_27""*64""_A10白色SNOW WHITE_TG004","27""X64""",SNOW WHITE,2022-12-8,3,177,EA,9TG004FW27010,TG004FW27B01,CH001
300066438,2022-11-16,AS000,226875746,TG0992,924693,"2""PVC 無拉仿木共押百葉窗-Trim@Home CF8 (元鼎)_29""*64""_A10白色SNOW WHITE_TG004","29""X64""",SNOW WHITE,2022-12-8,3,84,EA,9TG004FW27011,TG004FW27B01,CH001
300066438,2022-11-16,AS000,226875746,TG0992,924694,"2""PVC 無拉仿木共押百葉窗-Trim@Home CF8 (元鼎)_30""*64""_A10白色SNOW WHITE_TG004","30""X64""",SNOW WHITE,2022-12-8,3,27,EA,9TG004FW27012,TG004FW27B01,CH001
300066438,2022-11-16,AS000,226875746,TG0992,924695,"2""PVC 無拉仿木共押百葉窗-Trim@Home CF8 (元鼎)_31""*64""_A10白色SNOW WHITE_TG004","31""X64""",SNOW WHITE,2022-12-8,3,54,EA,9TG004FW27013,TG004FW27B01,CH001
300066438,2022-11-16,AS000,226875746,TG0992,924698,"2""PVC 無拉仿木共押百葉窗-Trim@Home CF8 (元鼎)_34""*64""_A10白色SNOW WHITE_TG004","34""X64""",SNOW WHITE,2022-12-8,3,129,EA,9TG004FW27016,TG004FW27B01,CH001
300066438,2022-11-16,AS000,226875746,TG0992,924699,"2""PVC 無拉仿木共押百葉窗-Trim@Home CF8 (元鼎)_35""*64""_A10白色SNOW WHITE_TG004","35""X64""",SNOW WHITE,2022-12-8,3,1893,EA,9TG004FW27017,TG004FW27B01,CH001
300066438,2022-11-16,AS000,226875746,TG0992,924700,"2""PVC 無拉仿木共押百葉窗-Trim@Home CF8 (元鼎)_36""*64""_A10白色SNOW WHITE_TG004","36""X64""",SNOW WHITE,2022-12-8,3,249,EA,9TG004FW27018,TG004FW27B01,CH001
300066438,2022-11-16,AS000,226875746,TG0992,924701,"2""PVC 無拉仿木共押百葉窗-Trim@Home CF8 (元鼎)_39""*64""_A10白色SNOW WHITE_TG004","39""X64""",SNOW WHITE,2022-12-8,3,111,EA,9TG004FW27019,TG004FW27B01,CH001
300066438,2022-11-16,AS000,226875746,TG0992,924702,"2""PVC 無拉仿木共押百葉窗-Trim@Home CF8 (元鼎)_43""*64""_A10白色SNOW WHITE_TG004","43""X64""",SNOW WHITE,2022-12-8,3,27,EA,9TG004FW27020,TG004FW27B01,CH001
300066438,2022-11-16,AS000,226875746,TG0992,924703,"2""PVC 無拉仿木共押百葉窗-Trim@Home CF8 (元鼎)_46""*64""_A10白色SNOW WHITE_TG004","46""X64""",SNOW WHITE,2022-12-8,3,78,EA,9TG004FW27021,TG004FW27B01,CH001
300066438,2022-11-16,AS000,226875746,TG0992,924711,"2""PVC 無拉仿木共押百葉窗-Trim@Home CF8 (元鼎)_23""*72""_A10白色SNOW WHITE_TG004","23""X72""",SNOW WHITE,2022-12-8,3,54,EA,9TG004FW27029,TG004FW27B01,CH001
300066438,2022-11-16,AS000,226875746,TG0992,924713,"2""PVC 無拉仿木共押百葉窗-Trim@Home CF8 (元鼎)_30""*72""_A10白色SNOW WHITE_TG004","30""X72""",SNOW WHITE,2022-12-8,3,15,EA,9TG004FW27031,TG004FW27B01,CH001
300066438,2022-11-16,AS000,226875746,TG0992,924716,"2""PVC 無拉仿木共押百葉窗-Trim@Home CF8 (元鼎)_34""*72""_A10白色SNOW WHITE_TG004","34""X72""",SNOW WHITE,2022-12-8,3,312,EA,9TG004FW27034,TG004FW27B01,CH001
300066438,2022-11-16,AS000,226875746,TG0992,924717,"2""PVC 無拉仿木共押百葉窗-Trim@Home CF8 (元鼎)_35""*72""_A10白色SNOW WHITE_TG004","35""X72""",SNOW WHITE,2022-12-8,3,354,EA,9TG004FW27035,TG004FW27B01,CH001
300066624,2022-11-23,AS000,227466041,TG0961,924691,"2""PVC 無拉仿木共押百葉窗-Trim@Home CF8 (元鼎)_23""*64""_A10白色SNOW WHITE_TG004","23""X64""",SNOW WHITE,2022-12-15,3,126,EA,9TG004FW27009,TG004FW27B01,CH001
300066624,2022-11-23,AS000,227466041,TG0961,924692,"2""PVC 無拉仿木共押百葉窗-Trim@Home CF8 (元鼎)_27""*64""_A10白色SNOW WHITE_TG004","27""X64""",SNOW WHITE,2022-12-15,3,285,EA,9TG004FW27010,TG004FW27B01,CH001
300066624,2022-11-23,AS000,227466041,TG0961,924693,"2""PVC 無拉仿木共押百葉窗-Trim@Home CF8 (元鼎)_29""*64""_A10白色SNOW WHITE_TG004","29""X64""",SNOW WHITE,2022-12-15,3,234,EA,9TG004FW27011,TG004FW27B01,CH001
300066624,2022-11-23,AS000,227466041,TG0961,924694,"2""PVC 無拉仿木共押百葉窗-Trim@Home CF8 (元鼎)_30""*64""_A10白色SNOW WHITE_TG004","30""X64""",SNOW WHITE,2022-12-15,3,228,EA,9TG004FW27012,TG004FW27B01,CH001
300066624,2022-11-23,AS000,227466041,TG0961,924695,"2""PVC 無拉仿木共押百葉窗-Trim@Home CF8 (元鼎)_31""*64""_A10白色SNOW WHITE_TG004","31""X64""",SNOW WHITE,2022-12-15,3,531,EA,9TG004FW27013,TG004FW27B01,CH001
300066624,2022-11-23,AS000,227466041,TG0961,924696,"2""PVC 無拉仿木共押百葉窗-Trim@Home CF8 (元鼎)_32""*64""_A10白色SNOW WHITE_TG004","32""X64""",SNOW WHITE,2022-12-15,3,120,EA,9TG004FW27014,TG004FW27B01,CH001
300066624,2022-11-23,AS000,227466041,TG0961,924698,"2""PVC 無拉仿木共押百葉窗-Trim@Home CF8 (元鼎)_34""*64""_A10白色SNOW WHITE_TG004","34""X64""",SNOW WHITE,2022-12-15,3,138,EA,9TG004FW27016,TG004FW27B01,CH001
300066624,2022-11-23,AS000,227466041,TG0961,924699,"2""PVC 無拉仿木共押百葉窗-Trim@Home CF8 (元鼎)_35""*64""_A10白色SNOW WHITE_TG004","35""X64""",SNOW WHITE,2022-12-15,3,1032,EA,9TG004FW27017,TG004FW27B01,CH001
300066624,2022-11-23,AS000,227466041,TG0961,924700,"2""PVC 無拉仿木共押百葉窗-Trim@Home CF8 (元鼎)_36""*64""_A10白色SNOW WHITE_TG004","36""X64""",SNOW WHITE,2022-12-15,3,426,EA,9TG004FW27018,TG004FW27B01,CH001
300066624,2022-11-23,AS000,227466041,TG0961,924701,"2""PVC 無拉仿木共押百葉窗-Trim@Home CF8 (元鼎)_39""*64""_A10白色SNOW WHITE_TG004","39""X64""",SNOW WHITE,2022-12-15,3,291,EA,9TG004FW27019,TG004FW27B01,CH001
300066624,2022-11-23,AS000,227466041,TG0961,924713,"2""PVC 無拉仿木共押百葉窗-Trim@Home CF8 (元鼎)_30""*72""_A10白色SNOW WHITE_TG004","30""X72""",SNOW WHITE,2022-12-15,3,63,EA,9TG004FW27031,TG004FW27B01,CH001
300066624,2022-11-23,AS000,227466041,TG0961,924714,"2""PVC 無拉仿木共押百葉窗-Trim@Home CF8 (元鼎)_31""*72""_A10白色SNOW WHITE_TG004","31""X72""",SNOW WHITE,2022-12-15,3,15,EA,9TG004FW27032,TG004FW27B01,CH001
300066624,2022-11-23,AS000,227466041,TG0961,924716,"2""PVC 無拉仿木共押百葉窗-Trim@Home CF8 (元鼎)_34""*72""_A10白色SNOW WHITE_TG004","34""X72""",SNOW WHITE,2022-12-15,3,108,EA,9TG004FW27034,TG004FW27B01,CH001
300066624,2022-11-23,AS000,227466041,TG0961,924717,"2""PVC 無拉仿木共押百葉窗-Trim@Home CF8 (元鼎)_35""*72""_A10白色SNOW WHITE_TG004","35""X72""",SNOW WHITE,2022-12-15,3,186,EA,9TG004FW27035,TG004FW27B01,CH001
300066625,2022-11-23,AS000,227466042,TG0992,924683,"2""PVC 無拉仿木共押百葉窗-Trim@Home CF8 (元鼎)_23""*42""_A10白色SNOW WHITE_TG004","23""X42""",SNOW WHITE,2022-12-15,3,99,EA,9TG004FW27001,TG004FW27B01,CH001
300066625,2022-11-23,AS000,227466042,TG0992,924691,"2""PVC 無拉仿木共押百葉窗-Trim@Home CF8 (元鼎)_23""*64""_A10白色SNOW WHITE_TG004","23""X64""",SNOW WHITE,2022-12-15,3,168,EA,9TG004FW27009,TG004FW27B01,CH001
300066625,2022-11-23,AS000,227466042,TG0992,924692,"2""PVC 無拉仿木共押百葉窗-Trim@Home CF8 (元鼎)_27""*64""_A10白色SNOW WHITE_TG004","27""X64""",SNOW WHITE,2022-12-15,3,204,EA,9TG004FW27010,TG004FW27B01,CH001
300066625,2022-11-23,AS000,227466042,TG0992,924693,"2""PVC 無拉仿木共押百葉窗-Trim@Home CF8 (元鼎)_29""*64""_A10白色SNOW WHITE_TG004","29""X64""",SNOW WHITE,2022-12-15,3,126,EA,9TG004FW27011,TG004FW27B01,CH001
300066625,2022-11-23,AS000,227466042,TG0992,924694,"2""PVC 無拉仿木共押百葉窗-Trim@Home CF8 (元鼎)_30""*64""_A10白色SNOW WHITE_TG004","30""X64""",SNOW WHITE,2022-12-15,3,237,EA,9TG004FW27012,TG004FW27B01,CH001
300066625,2022-11-23,AS000,227466042,TG0992,924695,"2""PVC 無拉仿木共押百葉窗-Trim@Home CF8 (元鼎)_31""*64""_A10白色SNOW WHITE_TG004","31""X64""",SNOW WHITE,2022-12-15,3,183,EA,9TG004FW27013,TG004FW27B01,CH001
300066625,2022-11-23,AS000,227466042,TG0992,924696,"2""PVC 無拉仿木共押百葉窗-Trim@Home CF8 (元鼎)_32""*64""_A10白色SNOW WHITE_TG004","32""X64""",SNOW WHITE,2022-12-15,3,30,EA,9TG004FW27014,TG004FW27B01,CH001
300066625,2022-11-23,AS000,227466042,TG0992,924698,"2""PVC 無拉仿木共押百葉窗-Trim@Home CF8 (元鼎)_34""*64""_A10白色SNOW WHITE_TG004","34""X64""",SNOW WHITE,2022-12-15,3,333,EA,9TG004FW27016,TG004FW27B01,CH001
300066625,2022-11-23,AS000,227466042,TG0992,924699,"2""PVC 無拉仿木共押百葉窗-Trim@Home CF8 (元鼎)_35""*64""_A10白色SNOW WHITE_TG004","35""X64""",SNOW WHITE,2022-12-15,3,1041,EA,9TG004FW27017,TG004FW27B01,CH001
300066625,2022-11-23,AS000,227466042,TG0992,924700,"2""PVC 無拉仿木共押百葉窗-Trim@Home CF8 (元鼎)_36""*64""_A10白色SNOW WHITE_TG004","36""X64""",SNOW WHITE,2022-12-15,3,48,EA,9TG004FW27018,TG004FW27B01,CH001
300066625,2022-11-23,AS000,227466042,TG0992,924701,"2""PVC 無拉仿木共押百葉窗-Trim@Home CF8 (元鼎)_39""*64""_A10白色SNOW WHITE_TG004","39""X64""",SNOW WHITE,2022-12-15,3,168,EA,9TG004FW27019,TG004FW27B01,CH001
300066625,2022-11-23,AS000,227466042,TG0992,924702,"2""PVC 無拉仿木共押百葉窗-Trim@Home CF8 (元鼎)_43""*64""_A10白色SNOW WHITE_TG004","43""X64""",SNOW WHITE,2022-12-15,3,132,EA,9TG004FW27020,TG004FW27B01,CH001
300066625,2022-11-23,AS000,227466042,TG0992,924703,"2""PVC 無拉仿木共押百葉窗-Trim@Home CF8 (元鼎)_46""*64""_A10白色SNOW WHITE_TG004","46""X64""",SNOW WHITE,2022-12-15,3,120,EA,9TG004FW27021,TG004FW27B01,CH001
300066625,2022-11-23,AS000,227466042,TG0992,924704,"2""PVC 無拉仿木共押百葉窗-Trim@Home CF8 (元鼎)_47""*64""_A10白色SNOW WHITE_TG004","47""X64""",SNOW WHITE,2022-12-15,3,21,EA,9TG004FW27022,TG004FW27B01,CH001
300066625,2022-11-23,AS000,227466042,TG0992,924711,"2""PVC 無拉仿木共押百葉窗-Trim@Home CF8 (元鼎)_23""*72""_A10白色SNOW WHITE_TG004","23""X72""",SNOW WHITE,2022-12-15,3,18,EA,9TG004FW27029,TG004FW27B01,CH001
300066625,2022-11-23,AS000,227466042,TG0992,924712,"2""PVC 無拉仿木共押百葉窗-Trim@Home CF8 (元鼎)_27""*72""_A10白色SNOW WHITE_TG004","27""X72""",SNOW WHITE,2022-12-15,3,189,EA,9TG004FW27030,TG004FW27B01,CH001
300066625,2022-11-23,AS000,227466042,TG0992,924713,"2""PVC 無拉仿木共押百葉窗-Trim@Home CF8 (元鼎)_30""*72""_A10白色SNOW WHITE_TG004","30""X72""",SNOW WHITE,2022-12-15,3,129,EA,9TG004FW27031,TG004FW27B01,CH001
300066625,2022-11-23,AS000,227466042,TG0992,924714,"2""PVC 無拉仿木共押百葉窗-Trim@Home CF8 (元鼎)_31""*72""_A10白色SNOW WHITE_TG004","31""X72""",SNOW WHITE,2022-12-15,3,6,EA,9TG004FW27032,TG004FW27B01,CH001
300066625,2022-11-23,AS000,227466042,TG0992,924715,"2""PVC 無拉仿木共押百葉窗-Trim@Home CF8 (元鼎)_32""*72""_A10白色SNOW WHITE_TG004","32""X72""",SNOW WHITE,2022-12-15,3,12,EA,9TG004FW27033,TG004FW27B01,CH001
300066625,2022-11-23,AS000,227466042,TG0992,924716,"2""PVC 無拉仿木共押百葉窗-Trim@Home CF8 (元鼎)_34""*72""_A10白色SNOW WHITE_TG004","34""X72""",SNOW WHITE,2022-12-15,3,147,EA,9TG004FW27034,TG004FW27B01,CH001
300066625,2022-11-23,AS000,227466042,TG0992,924717,"2""PVC 無拉仿木共押百葉窗-Trim@Home CF8 (元鼎)_35""*72""_A10白色SNOW WHITE_TG004","35""X72""",SNOW WHITE,2022-12-15,3,273,EA,9TG004FW27035,TG004FW27B01,CH001
300066625,2022-11-23,AS000,227466042,TG0992,924682,"2""PVC 無拉仿木共押百葉窗-SideLight CF8 Mini_9""*72""_A10白色SNOW WHITE_TG004","9""x72""",SNOW WHITE,2022-12-15,4,188,EA,9TG004FW28001,TG004FW28B02,CH001
300066626,2022-11-23,AS000,227466043,TG1419,924684,"2""PVC 無拉仿木共押百葉窗-Trim@Home CF8 (元鼎)_35""*48""_A10白色SNOW WHITE_TG004","35""X48""",SNOW WHITE,2022-12-15,3,255,EA,9TG004FW27002,TG004FW27B01,CH001
300066626,2022-11-23,AS000,227466043,TG1419,924691,"2""PVC 無拉仿木共押百葉窗-Trim@Home CF8 (元鼎)_23""*64""_A10白色SNOW WHITE_TG004","23""X64""",SNOW WHITE,2022-12-15,3,111,EA,9TG004FW27009,TG004FW27B01,CH001
300066626,2022-11-23,AS000,227466043,TG1419,924692,"2""PVC 無拉仿木共押百葉窗-Trim@Home CF8 (元鼎)_27""*64""_A10白色SNOW WHITE_TG004","27""X64""",SNOW WHITE,2022-12-15,3,39,EA,9TG004FW27010,TG004FW27B01,CH001
300066626,2022-11-23,AS000,227466043,TG1419,924693,"2""PVC 無拉仿木共押百葉窗-Trim@Home CF8 (元鼎)_29""*64""_A10白色SNOW WHITE_TG004","29""X64""",SNOW WHITE,2022-12-15,3,273,EA,9TG004FW27011,TG004FW27B01,CH001
300066626,2022-11-23,AS000,227466043,TG1419,924694,"2""PVC 無拉仿木共押百葉窗-Trim@Home CF8 (元鼎)_30""*64""_A10白色SNOW WHITE_TG004","30""X64""",SNOW WHITE,2022-12-15,3,81,EA,9TG004FW27012,TG004FW27B01,CH001
300066626,2022-11-23,AS000,227466043,TG1419,924695,"2""PVC 無拉仿木共押百葉窗-Trim@Home CF8 (元鼎)_31""*64""_A10白色SNOW WHITE_TG004","31""X64""",SNOW WHITE,2022-12-15,3,48,EA,9TG004FW27013,TG004FW27B01,CH001
300066626,2022-11-23,AS000,227466043,TG1419,924698,"2""PVC 無拉仿木共押百葉窗-Trim@Home CF8 (元鼎)_34""*64""_A10白色SNOW WHITE_TG004","34""X64""",SNOW WHITE,2022-12-15,3,246,EA,9TG004FW27016,TG004FW27B01,CH001
300066626,2022-11-23,AS000,227466043,TG1419,924699,"2""PVC 無拉仿木共押百葉窗-Trim@Home CF8 (元鼎)_35""*64""_A10白色SNOW WHITE_TG004","35""X64""",SNOW WHITE,2022-12-15,3,630,EA,9TG004FW27017,TG004FW27B01,CH001
300066626,2022-11-23,AS000,227466043,TG1419,924700,"2""PVC 無拉仿木共押百葉窗-Trim@Home CF8 (元鼎)_36""*64""_A10白色SNOW WHITE_TG004","36""X64""",SNOW WHITE,2022-12-15,3,591,EA,9TG004FW27018,TG004FW27B01,CH001
300066626,2022-11-23,AS000,227466043,TG1419,924705,"2""PVC 無拉仿木共押百葉窗-Trim@Home CF8 (元鼎)_52""*64""_A10白色SNOW WHITE_TG004","52""X64""",SNOW WHITE,2022-12-15,3,549,EA,9TG004FW27023,TG004FW27B01,CH001
300066626,2022-11-23,AS000,227466043,TG1419,924710,"2""PVC 無拉仿木共押百葉窗-Trim@Home CF8 (元鼎)_72""*64""_A10白色SNOW WHITE_TG004","72""X64""",SNOW WHITE,2022-12-15,2,224,EA,9TG004FW27028,TG004FW27B01,CH001
300066626,2022-11-23,AS000,227466043,TG1419,924717,"2""PVC 無拉仿木共押百葉窗-Trim@Home CF8 (元鼎)_35""*72""_A10白色SNOW WHITE_TG004","35""X72""",SNOW WHITE,2022-12-15,3,207,EA,9TG004FW27035,TG004FW27B01,CH001
300066627,2022-11-23,AS000,227466044,TG1436,924684,"2""PVC 無拉仿木共押百葉窗-Trim@Home CF8 (元鼎)_35""*48""_A10白色SNOW WHITE_TG004","35""X48""",SNOW WHITE,2022-12-15,3,72,EA,9TG004FW27002,TG004FW27B01,CH001
300066627,2022-11-23,AS000,227466044,TG1436,924685,"2""PVC 無拉仿木共押百葉窗-Trim@Home CF8 (元鼎)_46""*48""_A10白色SNOW WHITE_TG004","46""X48""",SNOW WHITE,2022-12-15,3,327,EA,9TG004FW27003,TG004FW27B01,CH001
300066627,2022-11-23,AS000,227466044,TG1436,924686,"2""PVC 無拉仿木共押百葉窗-Trim@Home CF8 (元鼎)_47""*48""_A10白色SNOW WHITE_TG004","47""X48""",SNOW WHITE,2022-12-15,3,459,EA,9TG004FW27004,TG004FW27B01,CH001
300066627,2022-11-23,AS000,227466044,TG1436,924687,"2""PVC 無拉仿木共押百葉窗-Trim@Home CF8 (元鼎)_58""*48""_A10白色SNOW WHITE_TG004","58""X48""",SNOW WHITE,2022-12-15,2,110,EA,9TG004FW27005,TG004FW27B01,CH001
300066627,2022-11-23,AS000,227466044,TG1436,924688,"2""PVC 無拉仿木共押百葉窗-Trim@Home CF8 (元鼎)_59""*48""_A10白色SNOW WHITE_TG004","59""X48""",SNOW WHITE,2022-12-15,2,176,EA,9TG004FW27006,TG004FW27B01,CH001
300066627,2022-11-23,AS000,227466044,TG1436,924689,"2""PVC 無拉仿木共押百葉窗-Trim@Home CF8 (元鼎)_70""*48""_A10白色SNOW WHITE_TG004","70""X48""",SNOW WHITE,2022-12-15,2,190,EA,9TG004FW27007,TG004FW27B01,CH001
300066627,2022-11-23,AS000,227466044,TG1436,924690,"2""PVC 無拉仿木共押百葉窗-Trim@Home CF8 (元鼎)_71""*48""_A10白色SNOW WHITE_TG004","71""X48""",SNOW WHITE,2022-12-15,2,100,EA,9TG004FW27008,TG004FW27B01,CH001
300066627,2022-11-23,AS000,227466044,TG1436,924691,"2""PVC 無拉仿木共押百葉窗-Trim@Home CF8 (元鼎)_23""*64""_A10白色SNOW WHITE_TG004","23""X64""",SNOW WHITE,2022-12-15,3,75,EA,9TG004FW27009,TG004FW27B01,CH001
300066627,2022-11-23,AS000,227466044,TG1436,924692,"2""PVC 無拉仿木共押百葉窗-Trim@Home CF8 (元鼎)_27""*64""_A10白色SNOW WHITE_TG004","27""X64""",SNOW WHITE,2022-12-15,3,78,EA,9TG004FW27010,TG004FW27B01,CH001
300066627,2022-11-23,AS000,227466044,TG1436,924693,"2""PVC 無拉仿木共押百葉窗-Trim@Home CF8 (元鼎)_29""*64""_A10白色SNOW WHITE_TG004","29""X64""",SNOW WHITE,2022-12-15,3,6,EA,9TG004FW27011,TG004FW27B01,CH001
300066627,2022-11-23,AS000,227466044,TG1436,924695,"2""PVC 無拉仿木共押百葉窗-Trim@Home CF8 (元鼎)_31""*64""_A10白色SNOW WHITE_TG004","31""X64""",SNOW WHITE,2022-12-15,3,78,EA,9TG004FW27013,TG004FW27B01,CH001
300066627,2022-11-23,AS000,227466044,TG1436,924698,"2""PVC 無拉仿木共押百葉窗-Trim@Home CF8 (元鼎)_34""*64""_A10白色SNOW WHITE_TG004","34""X64""",SNOW WHITE,2022-12-15,3,111,EA,9TG004FW27016,TG004FW27B01,CH001
300066627,2022-11-23,AS000,227466044,TG1436,924699,"2""PVC 無拉仿木共押百葉窗-Trim@Home CF8 (元鼎)_35""*64""_A10白色SNOW WHITE_TG004","35""X64""",SNOW WHITE,2022-12-15,3,45,EA,9TG004FW27017,TG004FW27B01,CH001
300066627,2022-11-23,AS000,227466044,TG1436,924701,"2""PVC 無拉仿木共押百葉窗-Trim@Home CF8 (元鼎)_39""*64""_A10白色SNOW WHITE_TG004","39""X64""",SNOW WHITE,2022-12-15,3,36,EA,9TG004FW27019,TG004FW27B01,CH001
300066627,2022-11-23,AS000,227466044,TG1436,924703,"2""PVC 無拉仿木共押百葉窗-Trim@Home CF8 (元鼎)_46""*64""_A10白色SNOW WHITE_TG004","46""X64""",SNOW WHITE,2022-12-15,3,231,EA,9TG004FW27021,TG004FW27B01,CH001
300066627,2022-11-23,AS000,227466044,TG1436,924704,"2""PVC 無拉仿木共押百葉窗-Trim@Home CF8 (元鼎)_47""*64""_A10白色SNOW WHITE_TG004","47""X64""",SNOW WHITE,2022-12-15,3,306,EA,9TG004FW27022,TG004FW27B01,CH001
300066627,2022-11-23,AS000,227466044,TG1436,924707,"2""PVC 無拉仿木共押百葉窗-Trim@Home CF8 (元鼎)_59""*64""_A10白色SNOW WHITE_TG004","59""X64""",SNOW WHITE,2022-12-15,2,140,EA,9TG004FW27025,TG004FW27B01,CH001
300066627,2022-11-23,AS000,227466044,TG1436,924708,"2""PVC 無拉仿木共押百葉窗-Trim@Home CF8 (元鼎)_70""*64""_A10白色SNOW WHITE_TG004","70""X64""",SNOW WHITE,2022-12-15,2,194,EA,9TG004FW27026,TG004FW27B01,CH001
300066627,2022-11-23,AS000,227466044,TG1436,924710,"2""PVC 無拉仿木共押百葉窗-Trim@Home CF8 (元鼎)_72""*64""_A10白色SNOW WHITE_TG004","72""X64""",SNOW WHITE,2022-12-15,2,14,EA,9TG004FW27028,TG004FW27B01,CH001
300066628,2022-11-23,AS000,227466045,TG0960,924691,"2""PVC 無拉仿木共押百葉窗-Trim@Home CF8 (元鼎)_23""*64""_A10白色SNOW WHITE_TG004","23""X64""",SNOW WHITE,2022-12-15,3,87,EA,9TG004FW27009,TG004FW27B01,CH001
300066628,2022-11-23,AS000,227466045,TG0960,924692,"2""PVC 無拉仿木共押百葉窗-Trim@Home CF8 (元鼎)_27""*64""_A10白色SNOW WHITE_TG004","27""X64""",SNOW WHITE,2022-12-15,3,309,EA,9TG004FW27010,TG004FW27B01,CH001
300066628,2022-11-23,AS000,227466045,TG0960,924693,"2""PVC 無拉仿木共押百葉窗-Trim@Home CF8 (元鼎)_29""*64""_A10白色SNOW WHITE_TG004","29""X64""",SNOW WHITE,2022-12-15,3,273,EA,9TG004FW27011,TG004FW27B01,CH001
300066628,2022-11-23,AS000,227466045,TG0960,924694,"2""PVC 無拉仿木共押百葉窗-Trim@Home CF8 (元鼎)_30""*64""_A10白色SNOW WHITE_TG004","30""X64""",SNOW WHITE,2022-12-15,3,180,EA,9TG004FW27012,TG004FW27B01,CH001
300066628,2022-11-23,AS000,227466045,TG0960,924695,"2""PVC 無拉仿木共押百葉窗-Trim@Home CF8 (元鼎)_31""*64""_A10白色SNOW WHITE_TG004","31""X64""",SNOW WHITE,2022-12-15,3,810,EA,9TG004FW27013,TG004FW27B01,CH001
300066628,2022-11-23,AS000,227466045,TG0960,924698,"2""PVC 無拉仿木共押百葉窗-Trim@Home CF8 (元鼎)_34""*64""_A10白色SNOW WHITE_TG004","34""X64""",SNOW WHITE,2022-12-15,3,726,EA,9TG004FW27016,TG004FW27B01,CH001
300066628,2022-11-23,AS000,227466045,TG0960,924701,"2""PVC 無拉仿木共押百葉窗-Trim@Home CF8 (元鼎)_39""*64""_A10白色SNOW WHITE_TG004","39""X64""",SNOW WHITE,2022-12-15,3,234,EA,9TG004FW27019,TG004FW27B01,CH001
300066628,2022-11-23,AS000,227466045,TG0960,924702,"2""PVC 無拉仿木共押百葉窗-Trim@Home CF8 (元鼎)_43""*64""_A10白色SNOW WHITE_TG004","43""X64""",SNOW WHITE,2022-12-15,3,27,EA,9TG004FW27020,TG004FW27B01,CH001
300066628,2022-11-23,AS000,227466045,TG0960,924703,"2""PVC 無拉仿木共押百葉窗-Trim@Home CF8 (元鼎)_46""*64""_A10白色SNOW WHITE_TG004","46""X64""",SNOW WHITE,2022-12-15,3,78,EA,9TG004FW27021,TG004FW27B01,CH001
300066628,2022-11-23,AS000,227466045,TG0960,924711,"2""PVC 無拉仿木共押百葉窗-Trim@Home CF8 (元鼎)_23""*72""_A10白色SNOW WHITE_TG004","23""X72""",SNOW WHITE,2022-12-15,3,309,EA,9TG004FW27029,TG004FW27B01,CH001
300066628,2022-11-23,AS000,227466045,TG0960,924713,"2""PVC 無拉仿木共押百葉窗-Trim@Home CF8 (元鼎)_30""*72""_A10白色SNOW WHITE_TG004","30""X72""",SNOW WHITE,2022-12-15,3,30,EA,9TG004FW27031,TG004FW27B01,CH001
300066628,2022-11-23,AS000,227466045,TG0960,924714,"2""PVC 無拉仿木共押百葉窗-Trim@Home CF8 (元鼎)_31""*72""_A10白色SNOW WHITE_TG004","31""X72""",SNOW WHITE,2022-12-15,3,261,EA,9TG004FW27032,TG004FW27B01,CH001
300066628,2022-11-23,AS000,227466045,TG0960,924716,"2""PVC 無拉仿木共押百葉窗-Trim@Home CF8 (元鼎)_34""*72""_A10白色SNOW WHITE_TG004","34""X72""",SNOW WHITE,2022-12-15,3,174,EA,9TG004FW27034,TG004FW27B01,CH001
300066628,2022-11-23,AS000,227466045,TG0960,924717,"2""PVC 無拉仿木共押百葉窗-Trim@Home CF8 (元鼎)_35""*72""_A10白色SNOW WHITE_TG004","35""X72""",SNOW WHITE,2022-12-15,3,351,EA,9TG004FW27035,TG004FW27B01,CH001
300066972,2022-12-2,AS000,228045288,TG0992,924683,"2""PVC 無拉仿木共押百葉窗-Trim@Home CF8 (元鼎)_23""*42""_A10白色SNOW WHITE_TG004","23""X42""",SNOW WHITE,2022-12-22,3,69,EA,9TG004FW27001,TG004FW27B01,CH001
300066972,2022-12-2,AS000,228045288,TG0992,924684,"2""PVC 無拉仿木共押百葉窗-Trim@Home CF8 (元鼎)_35""*48""_A10白色SNOW WHITE_TG004","35""X48""",SNOW WHITE,2022-12-22,3,324,EA,9TG004FW27002,TG004FW27B01,CH001
300066972,2022-12-2,AS000,228045288,TG0992,924691,"2""PVC 無拉仿木共押百葉窗-Trim@Home CF8 (元鼎)_23""*64""_A10白色SNOW WHITE_TG004","23""X64""",SNOW WHITE,2022-12-22,3,108,EA,9TG004FW27009,TG004FW27B01,CH001
300066972,2022-12-2,AS000,228045288,TG0992,924692,"2""PVC 無拉仿木共押百葉窗-Trim@Home CF8 (元鼎)_27""*64""_A10白色SNOW WHITE_TG004","27""X64""",SNOW WHITE,2022-12-22,3,132,EA,9TG004FW27010,TG004FW27B01,CH001
300066972,2022-12-2,AS000,228045288,TG0992,924693,"2""PVC 無拉仿木共押百葉窗-Trim@Home CF8 (元鼎)_29""*64""_A10白色SNOW WHITE_TG004","29""X64""",SNOW WHITE,2022-12-22,3,114,EA,9TG004FW27011,TG004FW27B01,CH001
300066972,2022-12-2,AS000,228045288,TG0992,924694,"2""PVC 無拉仿木共押百葉窗-Trim@Home CF8 (元鼎)_30""*64""_A10白色SNOW WHITE_TG004","30""X64""",SNOW WHITE,2022-12-22,3,147,EA,9TG004FW27012,TG004FW27B01,CH001
300066972,2022-12-2,AS000,228045288,TG0992,924695,"2""PVC 無拉仿木共押百葉窗-Trim@Home CF8 (元鼎)_31""*64""_A10白色SNOW WHITE_TG004","31""X64""",SNOW WHITE,2022-12-22,3,141,EA,9TG004FW27013,TG004FW27B01,CH001
300066972,2022-12-2,AS000,228045288,TG0992,924696,"2""PVC 無拉仿木共押百葉窗-Trim@Home CF8 (元鼎)_32""*64""_A10白色SNOW WHITE_TG004","32""X64""",SNOW WHITE,2022-12-22,3,30,EA,9TG004FW27014,TG004FW27B01,CH001
300066972,2022-12-2,AS000,228045288,TG0992,924697,"2""PVC 無拉仿木共押百葉窗-Trim@Home CF8 (元鼎)_33""*64""_A10白色SNOW WHITE_TG004","33""X64""",SNOW WHITE,2022-12-22,3,63,EA,9TG004FW27015,TG004FW27B01,CH001
300066972,2022-12-2,AS000,228045288,TG0992,924698,"2""PVC 無拉仿木共押百葉窗-Trim@Home CF8 (元鼎)_34""*64""_A10白色SNOW WHITE_TG004","34""X64""",SNOW WHITE,2022-12-22,3,450,EA,9TG004FW27016,TG004FW27B01,CH001
300066972,2022-12-2,AS000,228045288,TG0992,924699,"2""PVC 無拉仿木共押百葉窗-Trim@Home CF8 (元鼎)_35""*64""_A10白色SNOW WHITE_TG004","35""X64""",SNOW WHITE,2022-12-22,3,663,EA,9TG004FW27017,TG004FW27B01,CH001
300066972,2022-12-2,AS000,228045288,TG0992,924700,"2""PVC 無拉仿木共押百葉窗-Trim@Home CF8 (元鼎)_36""*64""_A10白色SNOW WHITE_TG004","36""X64""",SNOW WHITE,2022-12-22,3,204,EA,9TG004FW27018,TG004FW27B01,CH001
300066972,2022-12-2,AS000,228045288,TG0992,924701,"2""PVC 無拉仿木共押百葉窗-Trim@Home CF8 (元鼎)_39""*64""_A10白色SNOW WHITE_TG004","39""X64""",SNOW WHITE,2022-12-22,3,225,EA,9TG004FW27019,TG004FW27B01,CH001
300066972,2022-12-2,AS000,228045288,TG0992,924702,"2""PVC 無拉仿木共押百葉窗-Trim@Home CF8 (元鼎)_43""*64""_A10白色SNOW WHITE_TG004","43""X64""",SNOW WHITE,2022-12-22,3,111,EA,9TG004FW27020,TG004FW27B01,CH001
300066972,2022-12-2,AS000,228045288,TG0992,924703,"2""PVC 無拉仿木共押百葉窗-Trim@Home CF8 (元鼎)_46""*64""_A10白色SNOW WHITE_TG004","46""X64""",SNOW WHITE,2022-12-22,3,9,EA,9TG004FW27021,TG004FW27B01,CH001
300066972,2022-12-2,AS000,228045288,TG0992,924704,"2""PVC 無拉仿木共押百葉窗-Trim@Home CF8 (元鼎)_47""*64""_A10白色SNOW WHITE_TG004","47""X64""",SNOW WHITE,2022-12-22,3,60,EA,9TG004FW27022,TG004FW27B01,CH001
300066972,2022-12-2,AS000,228045288,TG0992,924711,"2""PVC 無拉仿木共押百葉窗-Trim@Home CF8 (元鼎)_23""*72""_A10白色SNOW WHITE_TG004","23""X72""",SNOW WHITE,2022-12-22,3,108,EA,9TG004FW27029,TG004FW27B01,CH001
300066972,2022-12-2,AS000,228045288,TG0992,924712,"2""PVC 無拉仿木共押百葉窗-Trim@Home CF8 (元鼎)_27""*72""_A10白色SNOW WHITE_TG004","27""X72""",SNOW WHITE,2022-12-22,3,48,EA,9TG004FW27030,TG004FW27B01,CH001
300066972,2022-12-2,AS000,228045288,TG0992,924713,"2""PVC 無拉仿木共押百葉窗-Trim@Home CF8 (元鼎)_30""*72""_A10白色SNOW WHITE_TG004","30""X72""",SNOW WHITE,2022-12-22,3,108,EA,9TG004FW27031,TG004FW27B01,CH001
300066972,2022-12-2,AS000,228045288,TG0992,924714,"2""PVC 無拉仿木共押百葉窗-Trim@Home CF8 (元鼎)_31""*72""_A10白色SNOW WHITE_TG004","31""X72""",SNOW WHITE,2022-12-22,3,45,EA,9TG004FW27032,TG004FW27B01,CH001
300066972,2022-12-2,AS000,228045288,TG0992,924715,"2""PVC 無拉仿木共押百葉窗-Trim@Home CF8 (元鼎)_32""*72""_A10白色SNOW WHITE_TG004","32""X72""",SNOW WHITE,2022-12-22,3,126,EA,9TG004FW27033,TG004FW27B01,CH001
300066972,2022-12-2,AS000,228045288,TG0992,924716,"2""PVC 無拉仿木共押百葉窗-Trim@Home CF8 (元鼎)_34""*72""_A10白色SNOW WHITE_TG004","34""X72""",SNOW WHITE,2022-12-22,3,165,EA,9TG004FW27034,TG004FW27B01,CH001
300066972,2022-12-2,AS000,228045288,TG0992,924717,"2""PVC 無拉仿木共押百葉窗-Trim@Home CF8 (元鼎)_35""*72""_A10白色SNOW WHITE_TG004","35""X72""",SNOW WHITE,2022-12-22,3,285,EA,9TG004FW27035,TG004FW27B01,CH001
300066972,2022-12-2,AS000,228045288,TG0992,924682,"2""PVC 無拉仿木共押百葉窗-SideLight CF8 Mini_9""*72""_A10白色SNOW WHITE_TG004","9""x72""",SNOW WHITE,2022-12-22,4,52,EA,9TG004FW28001,TG004FW28B02,CH001
300066973,2022-12-2,AS000,228045289,TG1419,924684,"2""PVC 無拉仿木共押百葉窗-Trim@Home CF8 (元鼎)_35""*48""_A10白色SNOW WHITE_TG004","35""X48""",SNOW WHITE,2022-12-22,3,168,EA,9TG004FW27002,TG004FW27B01,CH001
300066973,2022-12-2,AS000,228045289,TG1419,924685,"2""PVC 無拉仿木共押百葉窗-Trim@Home CF8 (元鼎)_46""*48""_A10白色SNOW WHITE_TG004","46""X48""",SNOW WHITE,2022-12-22,3,3,EA,9TG004FW27003,TG004FW27B01,CH001
300066973,2022-12-2,AS000,228045289,TG1419,924688,"2""PVC 無拉仿木共押百葉窗-Trim@Home CF8 (元鼎)_59""*48""_A10白色SNOW WHITE_TG004","59""X48""",SNOW WHITE,2022-12-22,2,4,EA,9TG004FW27006,TG004FW27B01,CH001
300066973,2022-12-2,AS000,228045289,TG1419,924689,"2""PVC 無拉仿木共押百葉窗-Trim@Home CF8 (元鼎)_70""*48""_A10白色SNOW WHITE_TG004","70""X48""",SNOW WHITE,2022-12-22,2,20,EA,9TG004FW27007,TG004FW27B01,CH001
300066973,2022-12-2,AS000,228045289,TG1419,924690,"2""PVC 無拉仿木共押百葉窗-Trim@Home CF8 (元鼎)_71""*48""_A10白色SNOW WHITE_TG004","71""X48""",SNOW WHITE,2022-12-22,2,30,EA,9TG004FW27008,TG004FW27B01,CH001
300066973,2022-12-2,AS000,228045289,TG1419,924691,"2""PVC 無拉仿木共押百葉窗-Trim@Home CF8 (元鼎)_23""*64""_A10白色SNOW WHITE_TG004","23""X64""",SNOW WHITE,2022-12-22,3,99,EA,9TG004FW27009,TG004FW27B01,CH001
300066973,2022-12-2,AS000,228045289,TG1419,924692,"2""PVC 無拉仿木共押百葉窗-Trim@Home CF8 (元鼎)_27""*64""_A10白色SNOW WHITE_TG004","27""X64""",SNOW WHITE,2022-12-22,3,72,EA,9TG004FW27010,TG004FW27B01,CH001
300066973,2022-12-2,AS000,228045289,TG1419,924693,"2""PVC 無拉仿木共押百葉窗-Trim@Home CF8 (元鼎)_29""*64""_A10白色SNOW WHITE_TG004","29""X64""",SNOW WHITE,2022-12-22,3,330,EA,9TG004FW27011,TG004FW27B01,CH001
300066973,2022-12-2,AS000,228045289,TG1419,924694,"2""PVC 無拉仿木共押百葉窗-Trim@Home CF8 (元鼎)_30""*64""_A10白色SNOW WHITE_TG004","30""X64""",SNOW WHITE,2022-12-22,3,93,EA,9TG004FW27012,TG004FW27B01,CH001
300066973,2022-12-2,AS000,228045289,TG1419,924698,"2""PVC 無拉仿木共押百葉窗-Trim@Home CF8 (元鼎)_34""*64""_A10白色SNOW WHITE_TG004","34""X64""",SNOW WHITE,2022-12-22,3,234,EA,9TG004FW27016,TG004FW27B01,CH001
300066973,2022-12-2,AS000,228045289,TG1419,924699,"2""PVC 無拉仿木共押百葉窗-Trim@Home CF8 (元鼎)_35""*64""_A10白色SNOW WHITE_TG004","35""X64""",SNOW WHITE,2022-12-22,3,609,EA,9TG004FW27017,TG004FW27B01,CH001
300066973,2022-12-2,AS000,228045289,TG1419,924700,"2""PVC 無拉仿木共押百葉窗-Trim@Home CF8 (元鼎)_36""*64""_A10白色SNOW WHITE_TG004","36""X64""",SNOW WHITE,2022-12-22,3,318,EA,9TG004FW27018,TG004FW27B01,CH001
300066973,2022-12-2,AS000,228045289,TG1419,924703,"2""PVC 無拉仿木共押百葉窗-Trim@Home CF8 (元鼎)_46""*64""_A10白色SNOW WHITE_TG004","46""X64""",SNOW WHITE,2022-12-22,3,45,EA,9TG004FW27021,TG004FW27B01,CH001
300066973,2022-12-2,AS000,228045289,TG1419,924705,"2""PVC 無拉仿木共押百葉窗-Trim@Home CF8 (元鼎)_52""*64""_A10白色SNOW WHITE_TG004","52""X64""",SNOW WHITE,2022-12-22,3,384,EA,9TG004FW27023,TG004FW27B01,CH001
300066973,2022-12-2,AS000,228045289,TG1419,924706,"2""PVC 無拉仿木共押百葉窗-Trim@Home CF8 (元鼎)_58""*64""_A10白色SNOW WHITE_TG004","58""X64""",SNOW WHITE,2022-12-22,2,124,EA,9TG004FW27024,TG004FW27B01,CH001
300066973,2022-12-2,AS000,228045289,TG1419,924708,"2""PVC 無拉仿木共押百葉窗-Trim@Home CF8 (元鼎)_70""*64""_A10白色SNOW WHITE_TG004","70""X64""",SNOW WHITE,2022-12-22,2,16,EA,9TG004FW27026,TG004FW27B01,CH001
300066973,2022-12-2,AS000,228045289,TG1419,924709,"2""PVC 無拉仿木共押百葉窗-Trim@Home CF8 (元鼎)_71""*64""_A10白色SNOW WHITE_TG004","71""X64""",SNOW WHITE,2022-12-22,2,2,EA,9TG004FW27027,TG004FW27B01,CH001
300066973,2022-12-2,AS000,228045289,TG1419,924710,"2""PVC 無拉仿木共押百葉窗-Trim@Home CF8 (元鼎)_72""*64""_A10白色SNOW WHITE_TG004","72""X64""",SNOW WHITE,2022-12-22,2,258,EA,9TG004FW27028,TG004FW27B01,CH001
300066973,2022-12-2,AS000,228045289,TG1419,924713,"2""PVC 無拉仿木共押百葉窗-Trim@Home CF8 (元鼎)_30""*72""_A10白色SNOW WHITE_TG004","30""X72""",SNOW WHITE,2022-12-22,3,45,EA,9TG004FW27031,TG004FW27B01,CH001
300066973,2022-12-2,AS000,228045289,TG1419,924716,"2""PVC 無拉仿木共押百葉窗-Trim@Home CF8 (元鼎)_34""*72""_A10白色SNOW WHITE_TG004","34""X72""",SNOW WHITE,2022-12-22,3,3,EA,9TG004FW27034,TG004FW27B01,CH001
300066973,2022-12-2,AS000,228045289,TG1419,924717,"2""PVC 無拉仿木共押百葉窗-Trim@Home CF8 (元鼎)_35""*72""_A10白色SNOW WHITE_TG004","35""X72""",SNOW WHITE,2022-12-22,3,291,EA,9TG004FW27035,TG004FW27B01,CH001
300066974,2022-12-2,AS000,228045290,TG0960,924683,"2""PVC 無拉仿木共押百葉窗-Trim@Home CF8 (元鼎)_23""*42""_A10白色SNOW WHITE_TG004","23""X42""",SNOW WHITE,2022-12-22,3,126,EA,9TG004FW27001,TG004FW27B01,CH001
300066974,2022-12-2,AS000,228045290,TG0960,924684,"2""PVC 無拉仿木共押百葉窗-Trim@Home CF8 (元鼎)_35""*48""_A10白色SNOW WHITE_TG004","35""X48""",SNOW WHITE,2022-12-22,3,513,EA,9TG004FW27002,TG004FW27B01,CH001
300066974,2022-12-2,AS000,228045290,TG0960,924691,"2""PVC 無拉仿木共押百葉窗-Trim@Home CF8 (元鼎)_23""*64""_A10白色SNOW WHITE_TG004","23""X64""",SNOW WHITE,2022-12-22,3,177,EA,9TG004FW27009,TG004FW27B01,CH001
300066974,2022-12-2,AS000,228045290,TG0960,924692,"2""PVC 無拉仿木共押百葉窗-Trim@Home CF8 (元鼎)_27""*64""_A10白色SNOW WHITE_TG004","27""X64""",SNOW WHITE,2022-12-22,3,231,EA,9TG004FW27010,TG004FW27B01,CH001
300066974,2022-12-2,AS000,228045290,TG0960,924693,"2""PVC 無拉仿木共押百葉窗-Trim@Home CF8 (元鼎)_29""*64""_A10白色SNOW WHITE_TG004","29""X64""",SNOW WHITE,2022-12-22,3,231,EA,9TG004FW27011,TG004FW27B01,CH001
300066974,2022-12-2,AS000,228045290,TG0960,924694,"2""PVC 無拉仿木共押百葉窗-Trim@Home CF8 (元鼎)_30""*64""_A10白色SNOW WHITE_TG004","30""X64""",SNOW WHITE,2022-12-22,3,99,EA,9TG004FW27012,TG004FW27B01,CH001
300066974,2022-12-2,AS000,228045290,TG0960,924698,"2""PVC 無拉仿木共押百葉窗-Trim@Home CF8 (元鼎)_34""*64""_A10白色SNOW WHITE_TG004","34""X64""",SNOW WHITE,2022-12-22,3,783,EA,9TG004FW27016,TG004FW27B01,CH001
300066974,2022-12-2,AS000,228045290,TG0960,924703,"2""PVC 無拉仿木共押百葉窗-Trim@Home CF8 (元鼎)_46""*64""_A10白色SNOW WHITE_TG004","46""X64""",SNOW WHITE,2022-12-22,3,105,EA,9TG004FW27021,TG004FW27B01,CH001
300066974,2022-12-2,AS000,228045290,TG0960,924705,"2""PVC 無拉仿木共押百葉窗-Trim@Home CF8 (元鼎)_52""*64""_A10白色SNOW WHITE_TG004","52""X64""",SNOW WHITE,2022-12-22,3,156,EA,9TG004FW27023,TG004FW27B01,CH001
300066974,2022-12-2,AS000,228045290,TG0960,924711,"2""PVC 無拉仿木共押百葉窗-Trim@Home CF8 (元鼎)_23""*72""_A10白色SNOW WHITE_TG004","23""X72""",SNOW WHITE,2022-12-22,3,393,EA,9TG004FW27029,TG004FW27B01,CH001
300066974,2022-12-2,AS000,228045290,TG0960,924713,"2""PVC 無拉仿木共押百葉窗-Trim@Home CF8 (元鼎)_30""*72""_A10白色SNOW WHITE_TG004","30""X72""",SNOW WHITE,2022-12-22,3,336,EA,9TG004FW27031,TG004FW27B01,CH001
300066974,2022-12-2,AS000,228045290,TG0960,924714,"2""PVC 無拉仿木共押百葉窗-Trim@Home CF8 (元鼎)_31""*72""_A10白色SNOW WHITE_TG004","31""X72""",SNOW WHITE,2022-12-22,3,252,EA,9TG004FW27032,TG004FW27B01,CH001
300066974,2022-12-2,AS000,228045290,TG0960,924716,"2""PVC 無拉仿木共押百葉窗-Trim@Home CF8 (元鼎)_34""*72""_A10白色SNOW WHITE_TG004","34""X72""",SNOW WHITE,2022-12-22,3,297,EA,9TG004FW27034,TG004FW27B01,CH001
300066974,2022-12-2,AS000,228045290,TG0960,924718,"2""PVC 無拉仿木共押百葉窗-Trim@Home CF8 (元鼎)_60""*72""_A10白色SNOW WHITE_TG004","60""X72""",SNOW WHITE,2022-12-22,2,116,EA,9TG004FW27036,TG004FW27B01,CH001